-- MySQL dump 10.13  Distrib 5.1.66, for debian-linux-gnu (x86_64)
--
-- Host: localhost    Database: navinum_cs
-- ------------------------------------------------------
-- Server version	5.1.66-0+squeeze1

/*!40101 SET @OLD_CHARACTER_SET_CLIENT=@@CHARACTER_SET_CLIENT */;
/*!40101 SET @OLD_CHARACTER_SET_RESULTS=@@CHARACTER_SET_RESULTS */;
/*!40101 SET @OLD_COLLATION_CONNECTION=@@COLLATION_CONNECTION */;
/*!40101 SET NAMES utf8 */;
/*!40103 SET @OLD_TIME_ZONE=@@TIME_ZONE */;
/*!40103 SET TIME_ZONE='+00:00' */;
/*!40014 SET @OLD_UNIQUE_CHECKS=@@UNIQUE_CHECKS, UNIQUE_CHECKS=0 */;
/*!40014 SET @OLD_FOREIGN_KEY_CHECKS=@@FOREIGN_KEY_CHECKS, FOREIGN_KEY_CHECKS=0 */;
/*!40101 SET @OLD_SQL_MODE=@@SQL_MODE, SQL_MODE='NO_AUTO_VALUE_ON_ZERO' */;
/*!40111 SET @OLD_SQL_NOTES=@@SQL_NOTES, SQL_NOTES=0 */;

--
-- Table structure for table `rulerz`
--


INSERT INTO `rulerz` VALUES ('1CE9214A9066C8F6D56B8BF32CB01D80','somme des typos >= à un montant pour un visiteur','visiteur = getEntity(\"Visiteur\", entity[\"visiteur_id\"]);\r\n//print(visiteur[\"guid\"]..\"\\n\");\r\n\r\ntotalScoreVisiteur = getTotalScoreByVisiteur(visiteur[\'guid\']); \r\n//print(totalScoreVisiteur..\"\\n\");\r\n\r\nif totalScoreVisiteur > 1000 then\r\n  sendNotification(\"general:notif:score\", \"visiteur:\"..entity[\"visiteur_id\"], {title = \"Champion !!!\", message = \"Tu as \"..totalScoreVisiteur..\" XP !!!! !\" }, {model = \"visiteur\", model_id = entity[\"visiteur_id\"]});\r\nend',1,'2013-03-08 10:00:11','2013-03-08 11:21:02'),('42B9B8AE0A7C9479812BC3C91546BA32','Best Score interactif','if isBestScoreInteractif(entity) then\r\nsendNotification(\"general:notif\", \"visiteur:\"..entity[\"visiteur_id\"], {title = \"Pshit !!!! champagne !!!\", message = \"Meilleur score battu OOOH!\" }, {model = \"LogVisite\", model_id = entity[\"guid\"]});\r\ncreateVisiteurMedaille(entity[\"visiteur_id\"], \'416241C1AC3ED21279CE8CBE7C46AA8D\');\r\n//print(\"Meilleur score de \"..entity[\"score\"]..\" sur interactif \"..entity[\"interactif_id\"]);\r\nend\r\n\r\n\r\n',1,'2013-03-12 10:23:07','2013-03-13 09:13:44'),('58C929DB6DF5FD5DE9A09EB66BA367BF','Best Score User Interactif','if isVisiteurBestScoreInteractif(entity) then\r\nsendNotification(\"general:notif\", \"visiteur:\"..entity[\"visiteur_id\"], {title = \"Pshit !!!! champagne !!!\", message = \"Meilleur score battu OOOH!\" }, {model = \"LogVisite\", model_id = entity[\"guid\"]});\r\n//print(\"Meilleur score de \"..entity[\"score\"]..\" sur interactif \"..entity[\"interactif_id\"]);\r\nend',1,'2013-03-12 11:31:21','2013-03-12 12:16:18'),('5D5F2106E97B1061A8136B9B602B08C7','Multi Plateforme','if hasVisiteMultiPlateforme(entity) then\r\nsendNotification(\"general:notif\", \"visiteur:\"..entity[\"visiteur_id\"], {title = \"Multi plateforme !!!\", message = \"Multi plateforme !!!\" }, {model = \"LogVisite\", model_id = entity[\"guid\"]});\r\n//print(\"Multi plateforme visiteur_id=\"..entity[\"visiteur_id\"]);\r\nend',1,'2013-03-12 10:23:15','2013-03-12 14:19:36'),('72F8A047022C94AD42E351C5EFD2C149','First LogVisite Exposition','if nbLogVisiteExposition(entity[\"exposition_id\"], entity[\"visiteur_id\"]) == \"1\" then\r\n//print(\"send notification exposition_id=\" ..entity[\"exposition_id\"] .. \" for visiteur_id=\" ..  entity[\"visiteur_id\"] );\r\nsendNotification(\"general:notif\", \"exposition_id:\"..entity[\"exposition_id\"], {title = \"Premier LogVisite\", message = \"Premier LogVisite\" }, {model = \"LogVisite\", model_id = entity[\"guid\"]});\r\nend',1,'2013-03-12 10:23:00','2013-03-13 17:31:41'),('8F22C8B86364E2210610FE4044C52855','Mon anniversaire','visiteur = getEntity(\"Visiteur\", entity[\"visiteur_id\"]);\r\npattern = \"(%d+)%-\"..date(\"m\")..\"%-\"..date(\"d\");\r\n\r\n//print(visiteur[\"date_naissance\"]..\"\\n\");\r\nif string.match(visiteur[\"date_naissance\"], pattern) and visiteur[\"is_anonyme\"] == \"0\" then\r\n  //print(\"HB!\");\r\n  sendMail(visiteur[\"email\"], \"Joyeux Anniversaire \"..visiteur[\"pseudo_son\"]..\" !\", \"Toute l\'équipe de Clever Age de souhaite un joyeux anniversaire !\");\r\n  sendNotification(\"general:notif:anniversaire\", \"visiteur:\"..entity[\"visiteur_id\"], {title = \"Pshit !!!! champagne !!!\", message = \"Joyeux Anniversaire !\" }, {model = \"visiteur\", model_id = entity[\"visiteur_id\"]});\r\nend',1,'2013-02-20 12:49:49','2013-03-26 12:47:08'),('98D377DF4204DEC671CD0D2D5D3945A5','LogVisite','sendNotification(\"general:notif\", \"visiteur:\"..entity[\"visiteur_id\"], {title = \"Pouet\", message = \"Toto\" }, {model = \"logVisite\", model_id = entity[\"guid\"] });',0,'2013-02-20 18:56:24','2013-02-20 18:56:24');
/*!40000 ALTER TABLE `rulerz` ENABLE KEYS */;



/*!40000 ALTER TABLE `rulerz_listenner` DISABLE KEYS */;
INSERT INTO `rulerz_listenner` VALUES ('0CF926205B55D4CDA95B644BED6FCA62','58C929DB6DF5FD5DE9A09EB66BA367BF','LogVisite::CREATE',1,'2013-03-12 11:32:54','2013-03-12 11:32:54'),('1995C7A003DC5D9BF951BECAF6132DD6','5D5F2106E97B1061A8136B9B602B08C7','LogVisite::CREATE',1,'2013-03-12 12:34:18','2013-03-12 12:34:18'),('1A00A9822F1992244D07A44632FC6BAC','42B9B8AE0A7C9479812BC3C91546BA32','LogVisite::CREATE',1,'2013-03-12 11:07:40','2013-03-12 11:07:40'),('398B50A3CC1ED89A9BDAED7BEE438768','1CE9214A9066C8F6D56B8BF32CB01D80','Xp::CREATE',1,'2013-03-08 10:14:07','2013-03-08 10:14:07'),('4C3D0815C04E3037ED40755F038F473B','42B9B8AE0A7C9479812BC3C91546BA32','LogVisite::UPDATE',1,'2013-03-12 11:07:50','2013-03-12 11:07:50'),('50A7AF80FC6B0BD72234BCF901B4CEA4','58C929DB6DF5FD5DE9A09EB66BA367BF','LogVisite::UPDATE',1,'2013-03-12 11:33:02','2013-03-12 11:33:02'),('5309FCC4383E0040AD76F9298899AB63','8F22C8B86364E2210610FE4044C52855','Visite::CREATE',0,'2013-02-20 12:49:59','2013-02-20 12:49:59'),('53A70D1DC0F4435992794FC25224871F','72F8A047022C94AD42E351C5EFD2C149','LogVisite::CREATE',1,'2013-03-13 17:20:34','2013-03-13 17:20:34'),('649716BCC864E259802F8397D5A7DEFB','1CE9214A9066C8F6D56B8BF32CB01D80','Xp::UPDATE',1,'2013-03-08 10:14:14','2013-03-08 10:14:14'),('7C865C78B6CAAA1B1E9EF27FA2F45F16','5D5F2106E97B1061A8136B9B602B08C7','LogVisite::UPDATE',1,'2013-03-12 12:34:37','2013-03-12 12:34:37'),('830DC6C0345575662D37832F9DE3D554','98D377DF4204DEC671CD0D2D5D3945A5','LogVisite::CREATE',0,'2013-02-20 18:56:44','2013-02-20 18:56:44'),('B6FD6FE3B9D96498C60090A695D7010B','8F22C8B86364E2210610FE4044C52855','Visite::UPDATE',0,'2013-02-20 12:50:06','2013-02-20 12:50:06');
/*!40000 ALTER TABLE `rulerz_listenner` ENABLE KEYS */;




--
-- Dumping data for table `rulerz_execution`
--

/*!40000 ALTER TABLE `rulerz_execution` DISABLE KEYS */;
INSERT INTO `rulerz_execution` VALUES ('00408362D2B4A90F723389CA7D0D8A1A','8F22C8B86364E2210610FE4044C52855','Visite::UPDATE','85B923C53630D74A2FCC1BAAF156F7F0','SUCCESS','\n\nResult : ',1,'2013-03-13 09:05:15','2013-03-13 09:05:15'),('007ACCDDAEDD35C4ADABCC4AAB6DA5E8','8F22C8B86364E2210610FE4044C52855','Visite::UPDATE','6CAF088E3E46DD6D6A3AEFEC97BC1C96','SUCCESS','\n\nResult : ',1,'2013-03-11 10:15:27','2013-03-11 10:15:27'),('00BEF3F0730FC0EDBDB70D8A68CAB787','8F22C8B86364E2210610FE4044C52855','Visite::UPDATE','964242993CFFF32F0AF3712D84887F86','SUCCESS','\n\nResult : ',1,'2013-03-11 21:17:30','2013-03-11 21:17:30'),('0111F3B4939901FCCFAB32A94CF6D5AD','8F22C8B86364E2210610FE4044C52855','Visite::UPDATE','EFCF1AECAD475734D3D65AA6C46CB9D8','SUCCESS','1993-03-12\n\n\nResult : ',1,'2013-03-13 17:05:47','2013-03-13 17:05:47'),('021E3D11CE2B3DF3C0BD9AF042F15F03','8F22C8B86364E2210610FE4044C52855','Visite::UPDATE','197AC68678AF5B15BCFFB143F41933F7','SUCCESS','1995-03-07\n\n\nResult : ',1,'2013-03-18 17:12:06','2013-03-18 17:12:06'),('0361A39DE0B87CD1C7CA911F6CB2ABF2','8F22C8B86364E2210610FE4044C52855','Visite::CREATE','B98F88FBCE4FAD96A895456CA2911319','SUCCESS','1987-02-20\nHB!string(283) \"{\"command\":\"notification.send\",\"data\":{\"dest\":\"visiteur:F9CC3EFCB1CA130957F77EFBD50B6637\",\"type\":\"general:notif:anniversaire\",\"options\":{\"title\":\"Pshit !!!! champagne !!!\",\"message\":\"Joyeux Anniversaire !\"},\"model\":{\"model_id\":\"F9CC3EFCB1CA130957F77EFBD50B6637\",\"model\":\"visiteur\"}}}\"\n\n\nResult : ',0,'2013-02-20 18:58:39','2013-02-20 18:58:39'),('03FE01D78244DEE3A67C533212B53F78','42B9B8AE0A7C9479812BC3C91546BA32','LogVisite::CREATE','7FBBAB8FF21A218A8FF6F80001C276B3','SUCCESS','Testing best score on interactif 002423538C0E0A6E1FFF8A9FE37B0A78 with logVisite guid 7FBBAB8FF21A218A8FF6F80001C276B3\n\nResult : ',1,'2013-03-12 11:34:16','2013-03-12 11:34:16'),('04411D34E640F0DA52CD98AD82DC9091','72F8A047022C94AD42E351C5EFD2C149','LogVisite::CREATE','C9CBC493BD3338D399B69808A35B5B4B','SUCCESS','\n\nResult : ',1,'2013-03-14 16:45:38','2013-03-14 16:45:38'),('051243521EBBA9040069F006C26F21B1','5D5F2106E97B1061A8136B9B602B08C7','LogVisite::CREATE','66EC280F5A4AB3147CEC65D3F90E6ED4','SUCCESS','\n\nResult : ',1,'2013-03-12 13:08:20','2013-03-12 13:08:20'),('051A1C7658EE6D2A18B8C4F8C3CA5220','98D377DF4204DEC671CD0D2D5D3945A5','LogVisite::CREATE','A27DC84FD7E69B523637460C7EB75B76','SUCCESS','string(235) \"{\"command\":\"notification.send\",\"data\":{\"dest\":\"visiteur:2C35A157621E157EBEC5F407EFB592C9\",\"type\":\"general:notif\",\"options\":{\"title\":\"Pouet\",\"message\":\"Toto\"},\"model\":{\"model_id\":\"A27DC84FD7E69B523637460C7EB75B76\",\"model\":\"logVisite\"}}}\"\n\n\nResult : ',1,'2013-03-13 09:20:01','2013-03-13 09:20:01'),('054D70A07CC258EC0BA1DCCCDF630163','8F22C8B86364E2210610FE4044C52855','Visite::CREATE','37D58377FBD18C24B97E48176AE8B004','SUCCESS','\n\nResult : ',1,'2013-03-11 09:45:31','2013-03-11 09:45:31'),('06081561FCB575E0D518F254068CDF44','8F22C8B86364E2210610FE4044C52855','Visite::UPDATE','0131710145BF3FFE38C6CB66C482BC79','SUCCESS','\n\nResult : ',1,'2013-03-14 09:31:36','2013-03-14 09:31:36'),('0614FC794616E613C1D3D455259CC07D','8F22C8B86364E2210610FE4044C52855','Visite::UPDATE','310DEBCD83ACB132C0C64679FBE1DC49','SUCCESS','\n\nResult : ',1,'2013-03-11 09:42:03','2013-03-11 09:42:03'),('0639C772BCCBFC4E10B50F961E332B27','8F22C8B86364E2210610FE4044C52855','Visite::UPDATE','45A86AF192692AB0298541A90DBDCF86','SUCCESS','1987-02-20\n\n\nResult : ',0,'2013-02-21 14:01:14','2013-02-21 14:01:14'),('067AE04594845EA8C1C6C4D0258BB22F','58C929DB6DF5FD5DE9A09EB66BA367BF','LogVisite::CREATE','EF7614A5F2CE62800EC794035B99011A','SUCCESS','string(276) \"{\"command\":\"notification.send\",\"data\":{\"dest\":\"visiteur:2C35A157621E157EBEC5F407EFB592C9\",\"type\":\"general:notif\",\"options\":{\"title\":\"Pshit !!!! champagne !!!\",\"message\":\"Meilleur score battu OOOH!\"},\"model\":{\"model_id\":\"EF7614A5F2CE62800EC794035B99011A\",\"model\":\"LogVisite\"}}}\"\nMeilleur score de 6999 sur interactif 002423538C0E0A6E1FFF8A9FE37B0A78\n\nResult : ',1,'2013-03-12 14:19:47','2013-03-12 14:19:47'),('07428FFB60063D47C89BACA75F4F8613','58C929DB6DF5FD5DE9A09EB66BA367BF','LogVisite::CREATE','6D83B88713E5BAD2A2FFDD32624C2444','SUCCESS','\n\nResult : ',1,'2013-03-12 12:19:06','2013-03-12 12:19:06'),('0762B596A870F928119EDD1F20819655','98D377DF4204DEC671CD0D2D5D3945A5','LogVisite::CREATE','4CF8E2A2CD670FD00DBA2DA2E0D95728','SUCCESS','string(235) \"{\"command\":\"notification.send\",\"data\":{\"dest\":\"visiteur:2C35A157621E157EBEC5F407EFB592C9\",\"type\":\"general:notif\",\"options\":{\"title\":\"Pouet\",\"message\":\"Toto\"},\"model\":{\"model_id\":\"4CF8E2A2CD670FD00DBA2DA2E0D95728\",\"model\":\"logVisite\"}}}\"\n\n\nResult : ',1,'2013-03-12 11:59:47','2013-03-12 11:59:47'),('087363C45747EBF53071D7AC1CED40CF','58C929DB6DF5FD5DE9A09EB66BA367BF','LogVisite::CREATE','0C0AE6B9DD7D4100B242B8A230B08258','SUCCESS','string(276) \"{\"command\":\"notification.send\",\"data\":{\"dest\":\"visiteur:CB2BE52049044B7DE85E94F645B3693A\",\"type\":\"general:notif\",\"options\":{\"title\":\"Pshit !!!! champagne !!!\",\"message\":\"Meilleur score battu OOOH!\"},\"model\":{\"model_id\":\"0C0AE6B9DD7D4100B242B8A230B08258\",\"model\":\"LogVisite\"}}}\"\nMeilleur score de 7000 sur interactif 002423538C0E0A6E1FFF8A9FE37B0A78\n\nResult : ',1,'2013-03-12 12:18:52','2013-03-12 12:18:52'),('08DF9A2F1FA1BDBF094AAF31D880BAA5','8F22C8B86364E2210610FE4044C52855','Visite::UPDATE','702D9852373F536C6D49E3DA0BF62CD6','SUCCESS','\n\nResult : ',1,'2013-03-20 16:10:51','2013-03-20 16:10:51'),('0988046F819F1D646800DDEB147AC245','8F22C8B86364E2210610FE4044C52855','Visite::UPDATE','6CDC4857DD33A7783AB57B8D0B769651','SUCCESS','\n\nResult : ',1,'2013-03-20 16:38:56','2013-03-20 16:38:56'),('0ADF41A32F7CF9DBDD31B178A2239241','8F22C8B86364E2210610FE4044C52855','Visite::CREATE','62BEB8E4AB34FF136282ECC6E1480343','SUCCESS','1993-03-12\nHB!string(283) \"{\"command\":\"notification.send\",\"data\":{\"dest\":\"visiteur:A826CB8509806744A01D7BC4BA6B03D3\",\"type\":\"general:notif:anniversaire\",\"options\":{\"title\":\"Pshit !!!! champagne !!!\",\"message\":\"Joyeux Anniversaire !\"},\"model\":{\"model_id\":\"A826CB8509806744A01D7BC4BA6B03D3\",\"model\":\"visiteur\"}}}\"\n\n\nResult : ',1,'2013-03-12 12:07:47','2013-03-12 12:07:47'),('0B5F179548670E43B8206616E6929C5E','42B9B8AE0A7C9479812BC3C91546BA32','LogVisite::CREATE','4E034A3A954B815207523C4584BB51D8','SUCCESS','\n\nResult : ',1,'2013-03-12 11:23:25','2013-03-12 11:23:25'),('0C5D35CB7C410AC4EF8B7962A30E9A3A','8F22C8B86364E2210610FE4044C52855','Visite::CREATE','97E3218981EA4FE99F9837C01DB29F59','SUCCESS','2015-03-15\n\n\nResult : ',1,'2013-03-14 11:57:41','2013-03-14 11:57:41'),('0C5F5CD2F88E111D713B87CBD2375E28','8F22C8B86364E2210610FE4044C52855','Visite::CREATE','8A6772950D48EB8D51FEDA2DF05E45B0','SUCCESS','1993-03-01\n\n\nResult : ',1,'2013-03-14 15:10:37','2013-03-14 15:10:37'),('0DE664789A73D0175D317E04D5E5084D','1CE9214A9066C8F6D56B8BF32CB01D80','Xp::CREATE','C66D488A551A13AEE291FE711DB72AEB','SUCCESS','\nWarning: Lua::eval(): lua error: [string \"line\"]:2: attempt to call global \'getToTalXPByVisiteur\' (a nil value) in /var/www/lib/rulerz/caRulerzTools.class.php on line 43\n\n\nResult : ',1,'2013-03-08 11:13:36','2013-03-08 11:13:36'),('0E860C09BBC05C15F613C6689EBC47B1','8F22C8B86364E2210610FE4044C52855','Visite::UPDATE','197AC68678AF5B15BCFFB143F41933F7','SUCCESS','\n\nResult : ',1,'2013-03-04 15:49:05','2013-03-04 15:49:05'),('0EBDDF483A1C19979D6535CB2501D56B','8F22C8B86364E2210610FE4044C52855','Visite::UPDATE','9D4A4353CAC56BB77F909456BBAEA9BF','SUCCESS','\n\nResult : ',1,'2013-03-05 12:56:21','2013-03-05 12:56:21'),('0EC9523AB3A5314A36474BE19B487882','98D377DF4204DEC671CD0D2D5D3945A5','LogVisite::CREATE','EA52AAF5F6940967E35F22C04F472573','SUCCESS','string(235) \"{\"command\":\"notification.send\",\"data\":{\"dest\":\"visiteur:2C35A157621E157EBEC5F407EFB592C9\",\"type\":\"general:notif\",\"options\":{\"title\":\"Pouet\",\"message\":\"Toto\"},\"model\":{\"model_id\":\"EA52AAF5F6940967E35F22C04F472573\",\"model\":\"logVisite\"}}}\"\n\n\nResult : ',1,'2013-03-12 11:25:05','2013-03-12 11:25:05'),('0ECE2B1C964745D5A85052A55B0EB879','8F22C8B86364E2210610FE4044C52855','Visite::UPDATE','2C2BA1A33E14D06D0315B8961C6357DC','SUCCESS','\n\nResult : ',1,'2013-03-13 17:41:11','2013-03-13 17:41:11'),('0F02DA876C59ABAA4A8DC4E341C46203','8F22C8B86364E2210610FE4044C52855','Visite::UPDATE','826BC74D61133AC414B210C37A0D9ED7','SUCCESS','1984-06-19\n\n\nResult : ',1,'2013-03-26 10:34:48','2013-03-26 10:34:48'),('0F102FFDE289980B4480EC646FC6F323','58C929DB6DF5FD5DE9A09EB66BA367BF','LogVisite::CREATE','8CD2E658E331EEEDF76A1F7EC3544541','SUCCESS','Testing best score on interactif 002423538C0E0A6E1FFF8A9FE37B0A78 with logVisite guid 8CD2E658E331EEEDF76A1F7EC3544541\n\nResult : ',1,'2013-03-12 11:54:18','2013-03-12 11:54:18'),('0F88845FB2DDB06FDBA38F561EEFD6F3','98D377DF4204DEC671CD0D2D5D3945A5','LogVisite::CREATE','C35384083112D44F8E103E10C1D87B3A','SUCCESS','string(235) \"{\"command\":\"notification.send\",\"data\":{\"dest\":\"visiteur:2C35A157621E157EBEC5F407EFB592C9\",\"type\":\"general:notif\",\"options\":{\"title\":\"Pouet\",\"message\":\"Toto\"},\"model\":{\"model_id\":\"C35384083112D44F8E103E10C1D87B3A\",\"model\":\"logVisite\"}}}\"\n\n\nResult : ',1,'2013-03-12 11:55:55','2013-03-12 11:55:55'),('111337B5C51D61374383618DBC214B52','58C929DB6DF5FD5DE9A09EB66BA367BF','LogVisite::CREATE','447807B3C80C518FFA3E025577975772','SUCCESS','Testing best score on interactif 002423538C0E0A6E1FFF8A9FE37B0A78 with logVisite guid 447807B3C80C518FFA3E025577975772\n\nResult : ',1,'2013-03-12 11:34:36','2013-03-12 11:34:36'),('124C99CC204A22A9B24C6005188F75F1','8F22C8B86364E2210610FE4044C52855','Visite::UPDATE','19F4DAFB6E801DEDF3C43DC8AB12ABC9','SUCCESS','1984-11-28\n\n\nResult : ',1,'2013-03-14 09:30:19','2013-03-14 09:30:19'),('12DB5E72B2E28FF53B46F0439D921094','5D5F2106E97B1061A8136B9B602B08C7','LogVisite::CREATE','432E7AF651AF2C547CC70557689A941C','SUCCESS','\n\nResult : ',1,'2013-03-12 14:18:26','2013-03-12 14:18:26'),('12F78D84603DB792BB0EA10E9C677297','8F22C8B86364E2210610FE4044C52855','Visite::UPDATE','AEF6F10F739B5AD7C644FD11D4CF6F1C','SUCCESS','1998-04-26\n\n\nResult : ',1,'2013-02-26 09:52:32','2013-02-26 09:52:32'),('1347A90B421BACD80744E2450341C225','8F22C8B86364E2210610FE4044C52855','Visite::UPDATE','9B317E671E3834AE6A668EAA9CA53F20','SUCCESS','\n\nResult : ',1,'2013-03-11 09:43:34','2013-03-11 09:43:34'),('134B5CBF202580FF83D3F6A29871EC79','8F22C8B86364E2210610FE4044C52855','Visite::UPDATE','0131710145BF3FFE38C6CB66C482BC79','SUCCESS','1988-06-14\n\n\nResult : ',1,'2013-03-14 15:14:28','2013-03-14 15:14:28'),('13E72B43EBD41450AFD70A36CA2040C2','8F22C8B86364E2210610FE4044C52855','Visite::UPDATE','06C22BEC19A949F546FC45BB99428423','SUCCESS','1993-03-09\n\n\nResult : ',1,'2013-03-11 09:41:12','2013-03-11 09:41:12'),('1408CE656B67550F7AF08A7F2BAA5CD7','98D377DF4204DEC671CD0D2D5D3945A5','LogVisite::CREATE','D5202985D302833A32E814BB88DB9026','SUCCESS','string(235) \"{\"command\":\"notification.send\",\"data\":{\"dest\":\"visiteur:CB2BE52049044B7DE85E94F645B3693A\",\"type\":\"general:notif\",\"options\":{\"title\":\"Pouet\",\"message\":\"Toto\"},\"model\":{\"model_id\":\"D5202985D302833A32E814BB88DB9026\",\"model\":\"logVisite\"}}}\"\n\n\nResult : ',1,'2013-03-12 11:46:07','2013-03-12 11:46:07'),('14614A404C5C55E973790E423B567DFC','8F22C8B86364E2210610FE4044C52855','Visite::CREATE','5DF313D2AAF19D7EE6CF5B4AFDF7D40C','SUCCESS','1977-02-27\n\n\nResult : ',1,'2013-03-20 17:04:14','2013-03-20 17:04:14'),('1527807AAAC52821AC3CDC2DAD073C35','42B9B8AE0A7C9479812BC3C91546BA32','LogVisite::CREATE','5F5C0026E712EB6D92AD766B2FA88A3E','SUCCESS','\n\nResult : ',1,'2013-03-12 14:27:43','2013-03-12 14:27:43'),('15629FD0909908956B2C4A70268121CC','42B9B8AE0A7C9479812BC3C91546BA32','LogVisite::CREATE','AEF6761163915D05F0FEEE49EBA4A6AB','SUCCESS','Testing best score on interactif 002423538C0E0A6E1FFF8A9FE37B0A78 with logVisite guid AEF6761163915D05F0FEEE49EBA4A6AB\n\nResult : ',1,'2013-03-12 11:46:46','2013-03-12 11:46:46'),('17096B3D0026A1BF1D51C9A71B45E7AF','8F22C8B86364E2210610FE4044C52855','Visite::UPDATE','CD1DECCE319A413DEA8ED9E6F9D502E9','SUCCESS','1993-01-25\n\n\nResult : ',1,'2013-03-01 14:22:04','2013-03-01 14:22:04'),('1736081062B976364184190D54717DCB','98D377DF4204DEC671CD0D2D5D3945A5','LogVisite::CREATE','F61AD1620E30B37C141FC6E90BE7000D','SUCCESS','string(235) \"{\"command\":\"notification.send\",\"data\":{\"dest\":\"visiteur:2C35A157621E157EBEC5F407EFB592C9\",\"type\":\"general:notif\",\"options\":{\"title\":\"Pouet\",\"message\":\"Toto\"},\"model\":{\"model_id\":\"F61AD1620E30B37C141FC6E90BE7000D\",\"model\":\"logVisite\"}}}\"\n\n\nResult : ',1,'2013-03-12 12:00:17','2013-03-12 12:00:17'),('174626FF04C62DD981E1DC3D16BF0E8D','8F22C8B86364E2210610FE4044C52855','Visite::UPDATE','19F4DAFB6E801DEDF3C43DC8AB12ABC9','SUCCESS','1984-11-28\n\n\nResult : ',1,'2013-03-14 09:28:35','2013-03-14 09:28:35'),('17E82EBCC6B5E77E97A8D49030D7EB3F','98D377DF4204DEC671CD0D2D5D3945A5','LogVisite::CREATE','C9CBC493BD3338D399B69808A35B5B4B','SUCCESS','string(235) \"{\"command\":\"notification.send\",\"data\":{\"dest\":\"visiteur:DE075FD99BD5F75B86D400478F49E2B4\",\"type\":\"general:notif\",\"options\":{\"title\":\"Pouet\",\"message\":\"Toto\"},\"model\":{\"model_id\":\"C9CBC493BD3338D399B69808A35B5B4B\",\"model\":\"logVisite\"}}}\"\n\n\nResult : ',1,'2013-03-14 16:45:38','2013-03-14 16:45:38'),('181727B175754F26BD9FEB056F7AFCBD','98D377DF4204DEC671CD0D2D5D3945A5','LogVisite::CREATE','4199AAD8BBB9613FD681BDDBC60202D7','SUCCESS','string(235) \"{\"command\":\"notification.send\",\"data\":{\"dest\":\"visiteur:DE075FD99BD5F75B86D400478F49E2B4\",\"type\":\"general:notif\",\"options\":{\"title\":\"Pouet\",\"message\":\"Toto\"},\"model\":{\"model_id\":\"4199AAD8BBB9613FD681BDDBC60202D7\",\"model\":\"logVisite\"}}}\"\n\n\nResult : ',1,'2013-03-13 17:31:12','2013-03-13 17:31:12'),('185B36AACC112820B75B619A7D48ACD6','8F22C8B86364E2210610FE4044C52855','Visite::UPDATE','C2A4950EEAC6CAB20388E5E1C2AE5800','SUCCESS','\n\nResult : ',1,'2013-03-13 16:37:37','2013-03-13 16:37:37'),('18AAEDAEDEC289D557425C7A03418DFF','58C929DB6DF5FD5DE9A09EB66BA367BF','LogVisite::CREATE','D5202985D302833A32E814BB88DB9026','SUCCESS','Testing best score on interactif 002423538C0E0A6E1FFF8A9FE37B0A78 with logVisite guid D5202985D302833A32E814BB88DB9026string(276) \"{\"command\":\"notification.send\",\"data\":{\"dest\":\"visiteur:CB2BE52049044B7DE85E94F645B3693A\",\"type\":\"general:notif\",\"options\":{\"title\":\"Pshit !!!! champagne !!!\",\"message\":\"Meilleur score battu OOOH!\"},\"model\":{\"model_id\":\"D5202985D302833A32E814BB88DB9026\",\"model\":\"LogVisite\"}}}\"\nMeilleur score de 3002 sur interactif 002423538C0E0A6E1FFF8A9FE37B0A78\n\nResult : ',1,'2013-03-12 11:46:07','2013-03-12 11:46:07'),('1A16AA95C337D87998548763AB85D176','8F22C8B86364E2210610FE4044C52855','Visite::CREATE','826BC74D61133AC414B210C37A0D9ED7','SUCCESS','1984-06-19\n\n\nResult : ',1,'2013-03-26 10:30:59','2013-03-26 10:30:59'),('1A7115A21CD2D07EF8AB8B2C42BC85A0','58C929DB6DF5FD5DE9A09EB66BA367BF','LogVisite::CREATE','1C80BFB700A2781115B1E99EACA00456','SUCCESS','string(276) \"{\"command\":\"notification.send\",\"data\":{\"dest\":\"visiteur:2C35A157621E157EBEC5F407EFB592C9\",\"type\":\"general:notif\",\"options\":{\"title\":\"Pshit !!!! champagne !!!\",\"message\":\"Meilleur score battu OOOH!\"},\"model\":{\"model_id\":\"1C80BFB700A2781115B1E99EACA00456\",\"model\":\"LogVisite\"}}}\"\nMeilleur score de 8999 sur interactif 002423538C0E0A6E1FFF8A9FE37B0A78\n\nResult : ',1,'2013-03-13 09:14:03','2013-03-13 09:14:03'),('1AE21802CB3DE2D739238F4FC7AEB8B9','8F22C8B86364E2210610FE4044C52855','Visite::UPDATE','5DF313D2AAF19D7EE6CF5B4AFDF7D40C','SUCCESS','1977-02-27\n\n\nResult : ',1,'2013-03-20 17:15:08','2013-03-20 17:15:08'),('1C89C278F6609DD55F974B81B74239F0','98D377DF4204DEC671CD0D2D5D3945A5','LogVisite::CREATE','5EB24BC2563429AC881D95338B0688C3','SUCCESS','string(235) \"{\"command\":\"notification.send\",\"data\":{\"dest\":\"visiteur:DE075FD99BD5F75B86D400478F49E2B4\",\"type\":\"general:notif\",\"options\":{\"title\":\"Pouet\",\"message\":\"Toto\"},\"model\":{\"model_id\":\"5EB24BC2563429AC881D95338B0688C3\",\"model\":\"logVisite\"}}}\"\n\n\nResult : ',1,'2013-03-13 17:24:26','2013-03-13 17:24:26'),('1CCB079C95DC05F9C8A52D4F2157E173','8F22C8B86364E2210610FE4044C52855','Visite::UPDATE','85B923C53630D74A2FCC1BAAF156F7F0','SUCCESS','\n\nResult : ',1,'2013-03-08 15:19:59','2013-03-08 15:19:59'),('1D364EB48372579D17D37C46F9013302','98D377DF4204DEC671CD0D2D5D3945A5','LogVisite::CREATE','432E7AF651AF2C547CC70557689A941C','SUCCESS','string(235) \"{\"command\":\"notification.send\",\"data\":{\"dest\":\"visiteur:2C35A157621E157EBEC5F407EFB592C9\",\"type\":\"general:notif\",\"options\":{\"title\":\"Pouet\",\"message\":\"Toto\"},\"model\":{\"model_id\":\"432E7AF651AF2C547CC70557689A941C\",\"model\":\"logVisite\"}}}\"\n\n\nResult : ',1,'2013-03-12 14:18:26','2013-03-12 14:18:26'),('1E7C624CEDE1CB11DBB00C589F2E765D','8F22C8B86364E2210610FE4044C52855','Visite::UPDATE','AEF6F10F739B5AD7C644FD11D4CF6F1C','SUCCESS','1998-09-26\n\n\nResult : ',1,'2013-02-26 11:39:54','2013-02-26 11:39:54'),('1FCBF7F7E41EAF6161A972A7EEF7E1D3','8F22C8B86364E2210610FE4044C52855','Visite::CREATE','8A0D4D390B31CFC7298133BB27F00139','SUCCESS','\n\nResult : ',1,'2013-03-08 10:55:09','2013-03-08 10:55:09'),('206F3A7FAEF6F8044818C7A7426D53B5','8F22C8B86364E2210610FE4044C52855','Visite::CREATE','83777D9D843338EAD3F9C97FAEF30CD2','SUCCESS','Array\n (\n     [code_postal] => 7445\n     [guid] => F9CC3EFCB1CA130957F77EFBD50B6637\n     [genre] => H\n     [is_active] => 1\n     [has_photo] => \n     [contexte_creation_id] => 104B568A50CE6E2BF9332CA50E6D1ACB\n     [has_newsletter] => 1\n     [pseudo_son] => sredeuil\n     [created_at] => 2013-01-23 19:08:48\n     [email] => sredeuil@clever-age.com\n     [updated_at] => 2013-02-20 18:40:24\n     [type] => visiteur\n     [is_tosync] => 1\n     [date_naissance] => 1987-02-20\n     [is_anonyme] => \n     [ville] => gggggg\n     [password_son] => 9515f2c0b5f874cac6b04162c126dbfa\n     [langue_id] => 8C5254FC6B05E4215EC60B27A5D9F85D\n )\n\n\nResult : ',0,'2013-02-20 18:43:34','2013-02-20 18:43:34'),('2137F669A0F2D686924868357E778E6F','42B9B8AE0A7C9479812BC3C91546BA32','LogVisite::CREATE','7DCFC7E4E62FED2F6CC33AC3E0F9C82A','SUCCESS','\n\nResult : ',1,'2013-03-12 13:07:55','2013-03-12 13:07:55'),('218C7A35D31A116563B6E9B26983172B','8F22C8B86364E2210610FE4044C52855','Visite::UPDATE','3BBF03D5DEA23ABE36038762B157BE3C','SUCCESS','1993-06-08\n\n\nResult : ',1,'2013-03-08 16:54:06','2013-03-08 16:54:06'),('2204EEC4F9CC1D360C2663EB2C83E9D4','5D5F2106E97B1061A8136B9B602B08C7','LogVisite::CREATE','4324FFBE82439BCFFFF5DDD0832B2777','SUCCESS','\n\nResult : ',1,'2013-03-13 17:22:28','2013-03-13 17:22:28'),('220A392655AA55BA7319E57551FBA143','98D377DF4204DEC671CD0D2D5D3945A5','LogVisite::CREATE','0648AC94D195F8E975105DAB1F0F90DA','SUCCESS','string(235) \"{\"command\":\"notification.send\",\"data\":{\"dest\":\"visiteur:2C35A157621E157EBEC5F407EFB592C9\",\"type\":\"general:notif\",\"options\":{\"title\":\"Pouet\",\"message\":\"Toto\"},\"model\":{\"model_id\":\"0648AC94D195F8E975105DAB1F0F90DA\",\"model\":\"logVisite\"}}}\"\n\n\nResult : ',1,'2013-03-12 14:18:31','2013-03-12 14:18:31'),('22A649511C6021E42D2461C7A2BE8643','42B9B8AE0A7C9479812BC3C91546BA32','LogVisite::CREATE','DE23118581EBBBB8333F1A813A3907F6','SUCCESS','Testing best score on interactif 002423538C0E0A6E1FFF8A9FE37B0A78 with logVisite guid DE23118581EBBBB8333F1A813A3907F6\n\nResult : ',1,'2013-03-12 11:53:13','2013-03-12 11:53:13'),('23600DFB2E4653E042E3AFD9DBF56481','5D5F2106E97B1061A8136B9B602B08C7','LogVisite::CREATE','A27DC84FD7E69B523637460C7EB75B76','SUCCESS','\n\nResult : ',1,'2013-03-13 09:20:01','2013-03-13 09:20:01'),('2410D337F82B7A6416E29B37F000C9AC','8F22C8B86364E2210610FE4044C52855','Visite::CREATE','09D3E508F6E017DD09DB9333BAC41604','SUCCESS','\n\nResult : ',1,'2013-03-21 17:45:53','2013-03-21 17:45:53'),('24B04082A82A93D19A6D6596BDDBD942','8F22C8B86364E2210610FE4044C52855','Visite::UPDATE','62BEB8E4AB34FF136282ECC6E1480343','SUCCESS','1993-03-12\n\n\nResult : ',1,'2013-03-13 16:53:43','2013-03-13 16:53:43'),('2591BEF93DC7E50ED97B22F421669546','8F22C8B86364E2210610FE4044C52855','Visite::CREATE','CD7C3FFC12D3066C7BDD07031818100E','SUCCESS','1987-02-20\n\n\nResult : ',0,'2013-02-21 13:57:35','2013-02-21 13:57:35'),('25BD31EB9AEB3196942B4A34052362C5','8F22C8B86364E2210610FE4044C52855','Visite::UPDATE','941897DC5BA57421A9362479E5AE51F0','SUCCESS','\n\nResult : ',1,'2013-03-20 16:34:05','2013-03-20 16:34:05'),('26B25DC2121B847AE49AA7079E783BED','8F22C8B86364E2210610FE4044C52855','Visite::UPDATE','AEF6F10F739B5AD7C644FD11D4CF6F1C','SUCCESS','1998-09-26\n\n\nResult : ',1,'2013-03-01 15:45:16','2013-03-01 15:45:16'),('272FC299B44053228919DC6FEA0084DD','8F22C8B86364E2210610FE4044C52855','Visite::UPDATE','816A89CDD95B085392DC3DA7C52F1B12','SUCCESS','1998-02-09\n\n\nResult : ',1,'2013-03-26 11:43:54','2013-03-26 11:43:54'),('277E97D69C9F09F4C5308BCD14143DBA','8F22C8B86364E2210610FE4044C52855','Visite::UPDATE','F343FC2B0E249C7BF37A35F9240C8182','SUCCESS','\n\nResult : ',1,'2013-03-13 17:29:18','2013-03-13 17:29:18'),('28E55412211DBF42582AFEBF136A9FC5','8F22C8B86364E2210610FE4044C52855','Visite::UPDATE','37E3CB4ACEBA051BC05E0679D3B4B07F','SUCCESS','1992-12-25\n\n\nResult : ',1,'2013-02-26 14:20:46','2013-02-26 14:20:46'),('2962B9CE2CCC23B8D91642DA2D74C9EB','8F22C8B86364E2210610FE4044C52855','Visite::UPDATE','BDB3F4C20593CE2779B83379CB671746','SUCCESS','2005-04-14\n\n\nResult : ',1,'2013-03-14 10:43:34','2013-03-14 10:43:34'),('2A9DDBD9C0908C10C31B794C11206AE1','5D5F2106E97B1061A8136B9B602B08C7','LogVisite::CREATE','EEFE91CD64631553E75B8D4ED4C68DF5','SUCCESS','\n\nResult : ',1,'2013-03-13 17:30:00','2013-03-13 17:30:00'),('2AF5E95AFF55AB7251265433D78B6C45','42B9B8AE0A7C9479812BC3C91546BA32','LogVisite::CREATE','37B41391D6021B0974E6A873AD379BE0','SUCCESS','\n\nResult : ',1,'2013-03-13 17:28:43','2013-03-13 17:28:43'),('2B02A5B6B2FDC9F55662FF4A5A88FE7D','8F22C8B86364E2210610FE4044C52855','Visite::CREATE','925B6B297088F4FFE44743AA01A9B400','SUCCESS','1987-05-20\n\n\nResult : ',1,'2013-03-01 14:22:37','2013-03-01 14:22:37'),('2BA4B0081C120AD5D8043EDFE8AE9270','42B9B8AE0A7C9479812BC3C91546BA32','LogVisite::CREATE','5EB24BC2563429AC881D95338B0688C3','SUCCESS','\n\nResult : ',1,'2013-03-13 17:24:26','2013-03-13 17:24:26'),('2BC676F6BF9248C3167B5B49D1C85CFB','8F22C8B86364E2210610FE4044C52855','Visite::CREATE','E3AC6573F56303520D4E81FA34ECDD5E','SUCCESS','1984-06-19\n\n\nResult : ',1,'2013-03-26 10:20:14','2013-03-26 10:20:14'),('2C14A10BC145C593E19F854EFEFC08BA','8F22C8B86364E2210610FE4044C52855','Visite::CREATE','EA855A3FD8992CCB6F979640DCB84E1E','SUCCESS','\n\nResult : ',1,'2013-03-20 16:04:12','2013-03-20 16:04:12'),('2C23E21A4EFA977AD6949E56109B3CEB','72F8A047022C94AD42E351C5EFD2C149','LogVisite::CREATE','4324FFBE82439BCFFFF5DDD0832B2777','SUCCESS','\n\nResult : ',1,'2013-03-13 17:22:28','2013-03-13 17:22:28'),('2CE8A901651CCCF9AE969D55BF53621B','58C929DB6DF5FD5DE9A09EB66BA367BF','LogVisite::CREATE','5EB24BC2563429AC881D95338B0688C3','SUCCESS','string(276) \"{\"command\":\"notification.send\",\"data\":{\"dest\":\"visiteur:DE075FD99BD5F75B86D400478F49E2B4\",\"type\":\"general:notif\",\"options\":{\"title\":\"Pshit !!!! champagne !!!\",\"message\":\"Meilleur score battu OOOH!\"},\"model\":{\"model_id\":\"5EB24BC2563429AC881D95338B0688C3\",\"model\":\"LogVisite\"}}}\"\nMeilleur score de 1000 sur interactif 002423538C0E0A6E1FFF8A9FE37B0A78\n\nResult : ',1,'2013-03-13 17:24:26','2013-03-13 17:24:26'),('2DB5863D4C137D2E6DA23260A454F7DC','8F22C8B86364E2210610FE4044C52855','Visite::UPDATE','8F130E9B8C1E0113403A538E8A46C07C','SUCCESS','\n\nResult : ',1,'2013-03-13 17:26:45','2013-03-13 17:26:45'),('2DBE962282BEE532B4C433C26A8BB80D','98D377DF4204DEC671CD0D2D5D3945A5','LogVisite::CREATE','2C8057A117D699332DCD58B49F60B491','SUCCESS','string(235) \"{\"command\":\"notification.send\",\"data\":{\"dest\":\"visiteur:CB2BE52049044B7DE85E94F645B3693A\",\"type\":\"general:notif\",\"options\":{\"title\":\"Pouet\",\"message\":\"Toto\"},\"model\":{\"model_id\":\"2C8057A117D699332DCD58B49F60B491\",\"model\":\"logVisite\"}}}\"\n\n\nResult : ',1,'2013-03-12 11:40:42','2013-03-12 11:40:42'),('2E0D8B250EDB0DB7EA11B34639222610','8F22C8B86364E2210610FE4044C52855','Visite::CREATE','BF06105CFE8F14C6E013410D37C2BDA7','SUCCESS','\n\nResult : ',0,'2013-02-22 15:32:36','2013-02-22 15:32:36'),('2E50F2E431B73E84FE9CF8B0B78B2110','98D377DF4204DEC671CD0D2D5D3945A5','LogVisite::CREATE','B0C216A191D758A943388CB1F52D6C7E','SUCCESS','string(235) \"{\"command\":\"notification.send\",\"data\":{\"dest\":\"visiteur:DE075FD99BD5F75B86D400478F49E2B4\",\"type\":\"general:notif\",\"options\":{\"title\":\"Pouet\",\"message\":\"Toto\"},\"model\":{\"model_id\":\"B0C216A191D758A943388CB1F52D6C7E\",\"model\":\"logVisite\"}}}\"\n\n\nResult : ',1,'2013-03-13 17:30:51','2013-03-13 17:30:51'),('2E7138E749ACC52580BB78ECD2212B34','8F22C8B86364E2210610FE4044C52855','Visite::UPDATE','06C22BEC19A949F546FC45BB99428423','SUCCESS','1993-03-09\nHB!string(283) \"{\"command\":\"notification.send\",\"data\":{\"dest\":\"visiteur:A140997F09951799ED1C2ACAC359B3F7\",\"type\":\"general:notif:anniversaire\",\"options\":{\"title\":\"Pshit !!!! champagne !!!\",\"message\":\"Joyeux Anniversaire !\"},\"model\":{\"model_id\":\"A140997F09951799ED1C2ACAC359B3F7\",\"model\":\"visiteur\"}}}\"\n\n\nResult : ',1,'2013-03-09 21:15:14','2013-03-09 21:15:14'),('2E78E9CFCFD560179F001121253FE59B','42B9B8AE0A7C9479812BC3C91546BA32','LogVisite::CREATE','D442174AADD2232F41F510D07CAE68C3','SUCCESS','\n\nResult : ',1,'2013-03-12 11:18:20','2013-03-12 11:18:20'),('2EB44001A5CC0741A7C725C089305676','72F8A047022C94AD42E351C5EFD2C149','LogVisite::CREATE','B0C216A191D758A943388CB1F52D6C7E','SUCCESS','testing=1\n\nResult : ',1,'2013-03-13 17:30:51','2013-03-13 17:30:51'),('2EC112CB2EDDD445A386D1DD66104885','8F22C8B86364E2210610FE4044C52855','Visite::UPDATE','0F0F5D3B72BA23BE0D663F9E4D17D10F','SUCCESS','Array\n (\n     [code_postal] => 7445\n     [guid] => F9CC3EFCB1CA130957F77EFBD50B6637\n     [genre] => H\n     [is_active] => 1\n     [has_photo] => \n     [contexte_creation_id] => 104B568A50CE6E2BF9332CA50E6D1ACB\n     [has_newsletter] => 1\n     [pseudo_son] => sredeuil\n     [created_at] => 2013-01-23 19:08:48\n     [email] => sredeuil@clever-age.com\n     [updated_at] => 2013-02-20 18:40:24\n     [type] => visiteur\n     [is_tosync] => 1\n     [date_naissance] => 1987-02-20\n     [is_anonyme] => \n     [ville] => gggggg\n     [password_son] => 9515f2c0b5f874cac6b04162c126dbfa\n     [langue_id] => 8C5254FC6B05E4215EC60B27A5D9F85D\n )\n\n\nResult : ',0,'2013-02-20 18:43:24','2013-02-20 18:43:24'),('2F5C51C9D9BEFC1707D2975E0CC7F7A3','8F22C8B86364E2210610FE4044C52855','Visite::UPDATE','631E2F54F1A8EAB8FAACE06EB7CE0876','SUCCESS','1998-02-09\n\n\nResult : ',1,'2013-03-26 11:03:22','2013-03-26 11:03:22'),('2F9C73BB5E33B62B9708895E1EE32C21','8F22C8B86364E2210610FE4044C52855','Visite::UPDATE','5177BECB8B85C831C1EEA9494898D2FF','SUCCESS','1993-03-14\nHB!string(283) \"{\"command\":\"notification.send\",\"data\":{\"dest\":\"visiteur:04FC89EAD7219C24FCACC45918D508B5\",\"type\":\"general:notif:anniversaire\",\"options\":{\"title\":\"Pshit !!!! champagne !!!\",\"message\":\"Joyeux Anniversaire !\"},\"model\":{\"model_id\":\"04FC89EAD7219C24FCACC45918D508B5\",\"model\":\"visiteur\"}}}\"\n\n\nResult : ',1,'2013-03-14 12:00:57','2013-03-14 12:00:57'),('3011459E45DB8B4F7C7E0AB4E899B083','8F22C8B86364E2210610FE4044C52855','Visite::UPDATE','46FE4F1709BDFDD886ABE7C0EA0AB330','SUCCESS','\n\nResult : ',1,'2013-03-08 15:28:36','2013-03-08 15:28:36'),('3040194AB171E62905612ED6E4D5E6C9','8F22C8B86364E2210610FE4044C52855','Visite::UPDATE','BDB3F4C20593CE2779B83379CB671746','SUCCESS','2005-04-14\n\n\nResult : ',1,'2013-03-14 10:19:21','2013-03-14 10:19:21'),('30610450202959C570323AE3DDC18754','8F22C8B86364E2210610FE4044C52855','Visite::UPDATE','C2A4950EEAC6CAB20388E5E1C2AE5800','SUCCESS','\n\nResult : ',1,'2013-03-13 16:30:16','2013-03-13 16:30:16'),('30EF7F841D216F22B230CD82D3110399','8F22C8B86364E2210610FE4044C52855','Visite::UPDATE','0D61347A1B3F69436E9402D69C29EFC9','SUCCESS','\n\nResult : ',1,'2013-03-18 15:23:01','2013-03-18 15:23:01'),('31A4C228B556199AEFA4C7C1BCB360BB','98D377DF4204DEC671CD0D2D5D3945A5','LogVisite::CREATE','3F73CCAC5321F25E29CE3852DE8CB6F1','SUCCESS','string(235) \"{\"command\":\"notification.send\",\"data\":{\"dest\":\"visiteur:CB2BE52049044B7DE85E94F645B3693A\",\"type\":\"general:notif\",\"options\":{\"title\":\"Pouet\",\"message\":\"Toto\"},\"model\":{\"model_id\":\"3F73CCAC5321F25E29CE3852DE8CB6F1\",\"model\":\"logVisite\"}}}\"\n\n\nResult : ',1,'2013-03-12 11:52:04','2013-03-12 11:52:04'),('34155D90599B35C40818DC2833C2FF4D','8F22C8B86364E2210610FE4044C52855','Visite::UPDATE','CF279FD49CDAA0A76D27114E919F9596','SUCCESS','1995-06-12\n\n\nResult : ',1,'2013-03-14 10:52:24','2013-03-14 10:52:24'),('34F7B458924AFBCC4798E6E8AC096827','8F22C8B86364E2210610FE4044C52855','Visite::UPDATE','956446A531A16C275BBE361C2F286298','SUCCESS','\n\nResult : ',1,'2013-03-01 14:24:43','2013-03-01 14:24:43'),('361DC69748FBC3ADFBB38CB77D9ECC36','8F22C8B86364E2210610FE4044C52855','Visite::UPDATE','5177BECB8B85C831C1EEA9494898D2FF','SUCCESS','1990-05-09\n\n\nResult : ',1,'2013-03-14 14:18:24','2013-03-14 14:18:24'),('3778D06056B7537BAD400D7A02E97DD6','72F8A047022C94AD42E351C5EFD2C149','LogVisite::CREATE','4199AAD8BBB9613FD681BDDBC60202D7','SUCCESS','testing=1send notification exposition_id=2C055BAD85C20DFDB43BD76F8E495D2E for visiteur_id=DE075FD99BD5F75B86D400478F49E2B4string(265) \"{\"command\":\"notification.send\",\"data\":{\"dest\":\"exposition_id:2C055BAD85C20DFDB43BD76F8E495D2E\",\"type\":\"general:notif\",\"options\":{\"title\":\"Premier LogVisite\",\"message\":\"Premier LogVisite\"},\"model\":{\"model_id\":\"4199AAD8BBB9613FD681BDDBC60202D7\",\"model\":\"LogVisite\"}}}\"\n\n\nResult : ',1,'2013-03-13 17:31:12','2013-03-13 17:31:12'),('3AB18194333A3D00589BCC4F5CD40B91','8F22C8B86364E2210610FE4044C52855','Visite::CREATE','6ACFAC1B48C2E0F3ED5162726C2D3B4B','SUCCESS','\n\nResult : ',1,'2013-03-21 17:58:58','2013-03-21 17:58:58'),('3AB498B88460D4A500AE7DD50F3AAD64','8F22C8B86364E2210610FE4044C52855','Visite::UPDATE','964242993CFFF32F0AF3712D84887F86','SUCCESS','1993-03-12\nHB!string(283) \"{\"command\":\"notification.send\",\"data\":{\"dest\":\"visiteur:116386908741A848744D1081635CD8D5\",\"type\":\"general:notif:anniversaire\",\"options\":{\"title\":\"Pshit !!!! champagne !!!\",\"message\":\"Joyeux Anniversaire !\"},\"model\":{\"model_id\":\"116386908741A848744D1081635CD8D5\",\"model\":\"visiteur\"}}}\"\n\n\nResult : ',1,'2013-03-12 15:24:24','2013-03-12 15:24:24'),('3ABDC4BA600908B17EA7D413E908BE4E','58C929DB6DF5FD5DE9A09EB66BA367BF','LogVisite::CREATE','477E5AF85C11630002B878A694302543','SUCCESS','string(276) \"{\"command\":\"notification.send\",\"data\":{\"dest\":\"visiteur:2C35A157621E157EBEC5F407EFB592C9\",\"type\":\"general:notif\",\"options\":{\"title\":\"Pshit !!!! champagne !!!\",\"message\":\"Meilleur score battu OOOH!\"},\"model\":{\"model_id\":\"477E5AF85C11630002B878A694302543\",\"model\":\"LogVisite\"}}}\"\nMeilleur score de 9007 sur interactif 002423538C0E0A6E1FFF8A9FE37B0A78\n\nResult : ',1,'2013-03-13 09:20:15','2013-03-13 09:20:15'),('3BFA69DABF491ABD27844F887113E847','42B9B8AE0A7C9479812BC3C91546BA32','LogVisite::CREATE','5F342DF29C77530814C5258761A56526','SUCCESS','Testing best score on interactif 002423538C0E0A6E1FFF8A9FE37B0A78 with logVisite guid 5F342DF29C77530814C5258761A56526\n\nResult : ',1,'2013-03-12 11:29:14','2013-03-12 11:29:14'),('3C05F2219B40459A4B8B062B381D6F79','8F22C8B86364E2210610FE4044C52855','Visite::UPDATE','AEF6F10F739B5AD7C644FD11D4CF6F1C','SUCCESS','1998-09-26\n\n\nResult : ',1,'2013-03-08 15:14:21','2013-03-08 15:14:21'),('3D0F0DE2F4531280DA1A3646CC2B2B01','8F22C8B86364E2210610FE4044C52855','Visite::CREATE','80C4D3956D070BDB4AF412369BAC4C7F','SUCCESS','\n\nResult : ',0,'2013-02-22 10:15:35','2013-02-22 10:15:35'),('3E5E3845B98F542AE8387D431313AB42','8F22C8B86364E2210610FE4044C52855','Visite::UPDATE','6D1533B25402F2B6446E90A4A38F62BB','SUCCESS','\n\nResult : ',1,'2013-03-26 10:13:52','2013-03-26 10:13:52'),('3E6B6768BEB9BCFD4F64BB3BBB31379B','8F22C8B86364E2210610FE4044C52855','Visite::UPDATE','83777D9D843338EAD3F9C97FAEF30CD2','SUCCESS','1987-02-20\n\n\nResult : ',0,'2013-02-20 18:44:15','2013-02-20 18:44:15'),('3E887045A71A050EF6B91F3EDEB03AAF','42B9B8AE0A7C9479812BC3C91546BA32','LogVisite::CREATE','4F96BCE69090444C57E7EB1FDE0B7C29','SUCCESS','\n\nResult : ',1,'2013-03-12 14:35:34','2013-03-12 14:35:34'),('3EB9B2F27CEC3C63204A62E12F7CA19D','8F22C8B86364E2210610FE4044C52855','Visite::UPDATE','ABBA8E8FD98890C30B93159979F0E3D6','SUCCESS','\n\nResult : ',1,'2013-03-14 14:25:02','2013-03-14 14:25:02'),('3EEA131EA6EAA4EF9B69AC9DCEFE8671','8F22C8B86364E2210610FE4044C52855','Visite::UPDATE','C6EA4E7B63B3B5BF980C2ED5360EA47A','SUCCESS','1987-02-20\nHB!\n\nResult : ',0,'2013-02-20 18:45:49','2013-02-20 18:45:49'),('3F2AED134F41287EE1CD34481F6403F9','8F22C8B86364E2210610FE4044C52855','Visite::CREATE','9A33049115E22461F5A65B1D3BC79EEA','SUCCESS','1987-03-07\nHB!string(283) \"{\"command\":\"notification.send\",\"data\":{\"dest\":\"visiteur:F9CC3EFCB1CA130957F77EFBD50B6637\",\"type\":\"general:notif:anniversaire\",\"options\":{\"title\":\"Pshit !!!! champagne !!!\",\"message\":\"Joyeux Anniversaire !\"},\"model\":{\"model_id\":\"F9CC3EFCB1CA130957F77EFBD50B6637\",\"model\":\"visiteur\"}}}\"\n\n\nResult : ',1,'2013-03-07 17:11:29','2013-03-07 17:11:29'),('3F51A2B3C6E47A070202D23AC5AD5B36','5D5F2106E97B1061A8136B9B602B08C7','LogVisite::CREATE','5A1B12541E4724F8EE3C329E825F57FD','SUCCESS','string(266) \"{\"command\":\"notification.send\",\"data\":{\"dest\":\"visiteur:2C35A157621E157EBEC5F407EFB592C9\",\"type\":\"general:notif\",\"options\":{\"title\":\"Multi plateforme !!!\",\"message\":\"Multi plateforme !!!\"},\"model\":{\"model_id\":\"5A1B12541E4724F8EE3C329E825F57FD\",\"model\":\"LogVisite\"}}}\"\nMulti plateforme visiteur_id=2C35A157621E157EBEC5F407EFB592C9\n\nResult : ',1,'2013-03-12 14:35:26','2013-03-12 14:35:26'),('4085DEF14395FFB50A406572376D3CB6','98D377DF4204DEC671CD0D2D5D3945A5','LogVisite::CREATE','3FAB932C2F5A8000B268E5D2EF4C5AE7','SUCCESS','string(235) \"{\"command\":\"notification.send\",\"data\":{\"dest\":\"visiteur:CB2BE52049044B7DE85E94F645B3693A\",\"type\":\"general:notif\",\"options\":{\"title\":\"Pouet\",\"message\":\"Toto\"},\"model\":{\"model_id\":\"3FAB932C2F5A8000B268E5D2EF4C5AE7\",\"model\":\"logVisite\"}}}\"\n\n\nResult : ',1,'2013-03-12 11:41:07','2013-03-12 11:41:07'),('40B1C193868EC530E07687226BCE3A2F','8F22C8B86364E2210610FE4044C52855','Visite::UPDATE','AEF6F10F739B5AD7C644FD11D4CF6F1C','SUCCESS','1998-09-26\n\n\nResult : ',1,'2013-02-26 11:40:05','2013-02-26 11:40:05'),('40DCFD0B4FC06DFD3FE11E7E386E4F6F','42B9B8AE0A7C9479812BC3C91546BA32','LogVisite::CREATE','66EC280F5A4AB3147CEC65D3F90E6ED4','SUCCESS','\n\nResult : ',1,'2013-03-12 13:08:20','2013-03-12 13:08:20'),('40E61BB730B8F4AC753699213F3370E0','8F22C8B86364E2210610FE4044C52855','Visite::UPDATE','058E6D788B7FD17F911432A430717636','SUCCESS','1984-06-19\n\n\nResult : ',1,'2013-03-26 10:18:49','2013-03-26 10:18:49'),('415B07A1E43D0FCD9AA6DF8914845109','8F22C8B86364E2210610FE4044C52855','Visite::UPDATE','C2A4950EEAC6CAB20388E5E1C2AE5800','SUCCESS','\n\nResult : ',1,'2013-03-13 16:36:06','2013-03-13 16:36:06'),('41609CD9BD55BBB7EC73C8078D23685F','5D5F2106E97B1061A8136B9B602B08C7','LogVisite::CREATE','37B41391D6021B0974E6A873AD379BE0','SUCCESS','\n\nResult : ',1,'2013-03-13 17:28:43','2013-03-13 17:28:43'),('41CB4068321AD96D7EFD353A6171526B','8F22C8B86364E2210610FE4044C52855','Visite::UPDATE','B86121C5A0BA14EE4D33D7D3987A7C0C','SUCCESS','1987-02-16\n\n\nResult : ',1,'2013-03-14 09:24:26','2013-03-14 09:24:26'),('42254DC7A428103F71323283160C8811','58C929DB6DF5FD5DE9A09EB66BA367BF','LogVisite::CREATE','4324FFBE82439BCFFFF5DDD0832B2777','SUCCESS','string(276) \"{\"command\":\"notification.send\",\"data\":{\"dest\":\"visiteur:DE075FD99BD5F75B86D400478F49E2B4\",\"type\":\"general:notif\",\"options\":{\"title\":\"Pshit !!!! champagne !!!\",\"message\":\"Meilleur score battu OOOH!\"},\"model\":{\"model_id\":\"4324FFBE82439BCFFFF5DDD0832B2777\",\"model\":\"LogVisite\"}}}\"\nMeilleur score de 1000 sur interactif 002423538C0E0A6E1FFF8A9FE37B0A78\n\nResult : ',1,'2013-03-13 17:22:28','2013-03-13 17:22:28'),('4290E3A7A294217342F983078DD9010F','98D377DF4204DEC671CD0D2D5D3945A5','LogVisite::CREATE','4A0274F83EC618082DD7B2DAE0CF9D48','SUCCESS','string(235) \"{\"command\":\"notification.send\",\"data\":{\"dest\":\"visiteur:DE075FD99BD5F75B86D400478F49E2B4\",\"type\":\"general:notif\",\"options\":{\"title\":\"Pouet\",\"message\":\"Toto\"},\"model\":{\"model_id\":\"4A0274F83EC618082DD7B2DAE0CF9D48\",\"model\":\"logVisite\"}}}\"\n\n\nResult : ',1,'2013-03-13 17:27:58','2013-03-13 17:27:58'),('42CBCBC1A5DC176F3A09ED955076F210','58C929DB6DF5FD5DE9A09EB66BA367BF','LogVisite::CREATE','66EC280F5A4AB3147CEC65D3F90E6ED4','SUCCESS','string(276) \"{\"command\":\"notification.send\",\"data\":{\"dest\":\"visiteur:2C35A157621E157EBEC5F407EFB592C9\",\"type\":\"general:notif\",\"options\":{\"title\":\"Pshit !!!! champagne !!!\",\"message\":\"Meilleur score battu OOOH!\"},\"model\":{\"model_id\":\"66EC280F5A4AB3147CEC65D3F90E6ED4\",\"model\":\"LogVisite\"}}}\"\nMeilleur score de 6999 sur interactif 002423538C0E0A6E1FFF8A9FE37B0A78\n\nResult : ',1,'2013-03-12 13:08:20','2013-03-12 13:08:20'),('43DEC6F72796A3BADFDB9DD6751935BE','72F8A047022C94AD42E351C5EFD2C149','LogVisite::CREATE','EEFE91CD64631553E75B8D4ED4C68DF5','SUCCESS','\n\nResult : ',1,'2013-03-13 17:30:00','2013-03-13 17:30:00'),('45DCDF0B493DF7D663B233C408E1DCA6','8F22C8B86364E2210610FE4044C52855','Visite::UPDATE','CBEE70345A5769D60B26B8B80CB18D08','SUCCESS','\n\nResult : ',1,'2013-03-11 09:44:45','2013-03-11 09:44:45'),('45EE54AD5363DE139542EFA2F3D4338A','8F22C8B86364E2210610FE4044C52855','Visite::UPDATE','5177BECB8B85C831C1EEA9494898D2FF','SUCCESS','\n\nResult : ',1,'2013-03-14 10:54:32','2013-03-14 10:54:32'),('473551E5A17A57FF4C6BD0CE63C0FFCD','58C929DB6DF5FD5DE9A09EB66BA367BF','LogVisite::CREATE','DE23118581EBBBB8333F1A813A3907F6','SUCCESS','Testing best score on interactif 002423538C0E0A6E1FFF8A9FE37B0A78 with logVisite guid DE23118581EBBBB8333F1A813A3907F6\n\nResult : ',1,'2013-03-12 11:53:13','2013-03-12 11:53:13'),('47DE2672044C2FF9FC5F084412C2630A','8F22C8B86364E2210610FE4044C52855','Visite::UPDATE','BE5A2803E21422E575B1F19FA7B78432','SUCCESS','\n\nResult : ',1,'2013-03-01 14:24:32','2013-03-01 14:24:32'),('47FF42F84F1B9CD05249D90698C12827','8F22C8B86364E2210610FE4044C52855','Visite::CREATE','CF279FD49CDAA0A76D27114E919F9596','SUCCESS','1993-03-12\n\n\nResult : ',1,'2013-03-14 10:44:37','2013-03-14 10:44:37'),('48842CCB1D10CC8B0AC16261329C3CF7','8F22C8B86364E2210610FE4044C52855','Visite::CREATE','9B317E671E3834AE6A668EAA9CA53F20','SUCCESS','\n\nResult : ',1,'2013-03-11 09:42:07','2013-03-11 09:42:07'),('48AECFC1EDFD5B1DF3C06E9166F8D602','8F22C8B86364E2210610FE4044C52855','Visite::CREATE','816A89CDD95B085392DC3DA7C52F1B12','SUCCESS','1998-02-09\n\n\nResult : ',1,'2013-03-26 11:25:00','2013-03-26 11:25:00'),('48E72CD0337471D1A2442A36E935DB0D','8F22C8B86364E2210610FE4044C52855','Visite::UPDATE','6ACFAC1B48C2E0F3ED5162726C2D3B4B','SUCCESS','\n\nResult : ',1,'2013-03-21 17:59:49','2013-03-21 17:59:49'),('48FE1BC1EDCFD1E2E042532F6D45553E','8F22C8B86364E2210610FE4044C52855','Visite::UPDATE','197AC68678AF5B15BCFFB143F41933F7','SUCCESS','1993-03-04\nHB!string(283) \"{\"command\":\"notification.send\",\"data\":{\"dest\":\"visiteur:CD40498E2A131F0950B7A13EC0B9F816\",\"type\":\"general:notif:anniversaire\",\"options\":{\"title\":\"Pshit !!!! champagne !!!\",\"message\":\"Joyeux Anniversaire !\"},\"model\":{\"model_id\":\"CD40498E2A131F0950B7A13EC0B9F816\",\"model\":\"visiteur\"}}}\"\n\n\nResult : ',1,'2013-03-04 15:49:23','2013-03-04 15:49:23'),('4A295C70D0D9F019E13A20E831D06B8F','8F22C8B86364E2210610FE4044C52855','Visite::UPDATE','1A8528F6ECF1AC03755385877EAE3C1F','SUCCESS','\n\nResult : ',1,'2013-03-11 09:47:14','2013-03-11 09:47:14'),('4A667885CC97CF0A70FB722E29AB50B4','8F22C8B86364E2210610FE4044C52855','Visite::UPDATE','19F4DAFB6E801DEDF3C43DC8AB12ABC9','SUCCESS','1984-11-28\n\n\nResult : ',1,'2013-03-14 10:38:29','2013-03-14 10:38:29'),('4AD22A8B1C64254516F54A50F4DBC44C','42B9B8AE0A7C9479812BC3C91546BA32','LogVisite::CREATE','6D83B88713E5BAD2A2FFDD32624C2444','SUCCESS','\n\nResult : ',1,'2013-03-12 12:19:06','2013-03-12 12:19:06'),('4B019F58A2F39F855CEE2493F72AB6D1','8F22C8B86364E2210610FE4044C52855','Visite::CREATE','CBEE70345A5769D60B26B8B80CB18D08','SUCCESS','\n\nResult : ',1,'2013-03-11 09:44:36','2013-03-11 09:44:36'),('4B1B97979186B891A709B87E588AA13C','42B9B8AE0A7C9479812BC3C91546BA32','LogVisite::CREATE','3FAB932C2F5A8000B268E5D2EF4C5AE7','SUCCESS','Testing best score on interactif 002423538C0E0A6E1FFF8A9FE37B0A78 with logVisite guid 3FAB932C2F5A8000B268E5D2EF4C5AE7string(276) \"{\"command\":\"notification.send\",\"data\":{\"dest\":\"visiteur:CB2BE52049044B7DE85E94F645B3693A\",\"type\":\"general:notif\",\"options\":{\"title\":\"Pshit !!!! champagne !!!\",\"message\":\"Meilleur score battu OOOH!\"},\"model\":{\"model_id\":\"3FAB932C2F5A8000B268E5D2EF4C5AE7\",\"model\":\"LogVisite\"}}}\"\nMeilleur score de 3002 sur interactif 002423538C0E0A6E1FFF8A9FE37B0A78\n\nResult : ',1,'2013-03-12 11:41:07','2013-03-12 11:41:07'),('4BA490BFE69F0F44A5EA5D7EE8DBFCC3','8F22C8B86364E2210610FE4044C52855','Visite::CREATE','BAB2454E2FE059481A79B66A98C844EE','SUCCESS','\n\nResult : ',1,'2013-03-26 11:31:43','2013-03-26 11:31:43'),('4BE52C6030AF4B1D0EF88A326F7098EB','8F22C8B86364E2210610FE4044C52855','Visite::UPDATE','80C4D3956D070BDB4AF412369BAC4C7F','SUCCESS','\n\nResult : ',0,'2013-02-22 11:27:19','2013-02-22 11:27:19'),('4D655A284D8E8581470D5276D17B77D7','8F22C8B86364E2210610FE4044C52855','Visite::UPDATE','37E3CB4ACEBA051BC05E0679D3B4B07F','SUCCESS','1992-12-25\n\n\nResult : ',1,'2013-02-25 23:33:31','2013-02-25 23:33:31'),('4F3695A6FCBBF718484A2FF101251A49','8F22C8B86364E2210610FE4044C52855','Visite::CREATE','F3577D8DA55605F35DEAF0217240FF5D','SUCCESS','\n\nResult : ',1,'2013-03-11 09:47:46','2013-03-11 09:47:46'),('4F5F1FF687064C50363411495547F4E9','8F22C8B86364E2210610FE4044C52855','Visite::UPDATE','85B923C53630D74A2FCC1BAAF156F7F0','SUCCESS','\n\nResult : ',1,'2013-03-08 15:22:28','2013-03-08 15:22:28'),('50024307C7CC6D15EF1B423B97E89B6D','8F22C8B86364E2210610FE4044C52855','Visite::UPDATE','8A0D4D390B31CFC7298133BB27F00139','SUCCESS','\n\nResult : ',1,'2013-03-08 10:55:22','2013-03-08 10:55:22'),('500771AEB90EBAADE9FE51CE39C07448','58C929DB6DF5FD5DE9A09EB66BA367BF','LogVisite::CREATE','65F3F341453A44393D8A515A30A10BE5','SUCCESS','Testing best score on interactif 002423538C0E0A6E1FFF8A9FE37B0A78 with logVisite guid 65F3F341453A44393D8A515A30A10BE5\n\nResult : ',1,'2013-03-12 11:52:52','2013-03-12 11:52:52'),('502E3F1B786F5E1951C4A9D7BD09A504','8F22C8B86364E2210610FE4044C52855','Visite::UPDATE','E1381B84850EC9C0A73B0511C923C110','SUCCESS','\n\nResult : ',1,'2013-03-13 14:45:03','2013-03-13 14:45:03'),('519E43E2345F1D42A8D7832EE2A4000A','8F22C8B86364E2210610FE4044C52855','Visite::CREATE','790182F26EB58E85822A4FE872C9C859','SUCCESS','\n\nResult : ',1,'2013-03-11 09:47:59','2013-03-11 09:47:59'),('51D614C5985A3352B05A5AEBB512F3FD','8F22C8B86364E2210610FE4044C52855','Visite::CREATE','DA4E2CCA339AE3CAFFAA155030018509','SUCCESS','\n\nResult : ',0,'2013-02-22 14:43:27','2013-02-22 14:43:27'),('5276074CAE7469818B61CA2B3E7D20AF','8F22C8B86364E2210610FE4044C52855','Visite::CREATE','C09171D7EC0B07F1A74C99BC4627E26A','SUCCESS','\n\nResult : ',1,'2013-03-11 10:16:23','2013-03-11 10:16:23'),('52E2753955F1854F06925D3CB353D6F1','8F22C8B86364E2210610FE4044C52855','Visite::UPDATE','7BE6431AB1F7251665789237083E8EAE','SUCCESS','1969-09-09\n\n\nResult : ',1,'2013-03-11 10:15:04','2013-03-11 10:15:04'),('52F2CAF9A310F0D2779D1E5B0928A21C','42B9B8AE0A7C9479812BC3C91546BA32','LogVisite::CREATE','EA52AAF5F6940967E35F22C04F472573','SUCCESS','Testing best score on interactif 002423538C0E0A6E1FFF8A9FE37B0A78 with logVisite guid EA52AAF5F6940967E35F22C04F472573\n\nResult : ',1,'2013-03-12 11:25:05','2013-03-12 11:25:05'),('52F2F99D9755A8C5FCA8D3ECE483ADCA','8F22C8B86364E2210610FE4044C52855','Visite::CREATE','6CDC4857DD33A7783AB57B8D0B769651','SUCCESS','\n\nResult : ',1,'2013-03-20 16:34:16','2013-03-20 16:34:16'),('53D0959C33B06B97BDFEDFE487640610','8F22C8B86364E2210610FE4044C52855','Visite::UPDATE','790182F26EB58E85822A4FE872C9C859','SUCCESS','\n\nResult : ',1,'2013-03-11 09:48:39','2013-03-11 09:48:39'),('53F30F4D8F7B05EB4229EC3D830297A9','58C929DB6DF5FD5DE9A09EB66BA367BF','LogVisite::CREATE','5A1B12541E4724F8EE3C329E825F57FD','SUCCESS','string(276) \"{\"command\":\"notification.send\",\"data\":{\"dest\":\"visiteur:2C35A157621E157EBEC5F407EFB592C9\",\"type\":\"general:notif\",\"options\":{\"title\":\"Pshit !!!! champagne !!!\",\"message\":\"Meilleur score battu OOOH!\"},\"model\":{\"model_id\":\"5A1B12541E4724F8EE3C329E825F57FD\",\"model\":\"LogVisite\"}}}\"\nMeilleur score de 6999 sur interactif 002423538C0E0A6E1FFF8A9FE37B0A78\n\nResult : ',1,'2013-03-12 14:35:26','2013-03-12 14:35:26'),('5427AD1983548AE4621D300C747C7C6E','8F22C8B86364E2210610FE4044C52855','Visite::CREATE','3BBF03D5DEA23ABE36038762B157BE3C','SUCCESS','1993-06-08\n\n\nResult : ',1,'2013-03-08 16:52:59','2013-03-08 16:52:59'),('552A5098D4BC26477E4B3ABD1E456E65','8F22C8B86364E2210610FE4044C52855','Visite::UPDATE','925B6B297088F4FFE44743AA01A9B400','SUCCESS','1987-05-20\n\n\nResult : ',1,'2013-03-01 14:22:57','2013-03-01 14:22:57'),('56B05B53AF1155D6F86D015E71FF069B','58C929DB6DF5FD5DE9A09EB66BA367BF','LogVisite::CREATE','D6384C3EBFACE1E50253C144AF45FC11','SUCCESS','Testing best score on interactif 002423538C0E0A6E1FFF8A9FE37B0A78 with logVisite guid D6384C3EBFACE1E50253C144AF45FC11string(276) \"{\"command\":\"notification.send\",\"data\":{\"dest\":\"visiteur:CB2BE52049044B7DE85E94F645B3693A\",\"type\":\"general:notif\",\"options\":{\"title\":\"Pshit !!!! champagne !!!\",\"message\":\"Meilleur score battu OOOH!\"},\"model\":{\"model_id\":\"D6384C3EBFACE1E50253C144AF45FC11\",\"model\":\"LogVisite\"}}}\"\nMeilleur score de 3002 sur interactif 002423538C0E0A6E1FFF8A9FE37B0A78\n\nResult : ',1,'2013-03-12 11:46:31','2013-03-12 11:46:31'),('57B565970B4711A1D383685887D26183','8F22C8B86364E2210610FE4044C52855','Visite::CREATE','BDB3F4C20593CE2779B83379CB671746','SUCCESS','2005-04-14\n\n\nResult : ',1,'2013-03-14 10:18:58','2013-03-14 10:18:58'),('57F2EB2F1006B98231024D7340B19B67','8F22C8B86364E2210610FE4044C52855','Visite::UPDATE','197AC68678AF5B15BCFFB143F41933F7','SUCCESS','1995-03-07\n\n\nResult : ',1,'2013-03-14 15:10:25','2013-03-14 15:10:25'),('57FE55CD26151364D89B0B4BFBD2C09E','8F22C8B86364E2210610FE4044C52855','Visite::CREATE','25F0225F84F84F181B4A52C5F26DD6B1','SUCCESS','\n\nResult : ',1,'2013-03-26 12:46:33','2013-03-26 12:46:33'),('58AC05D8CDF6CD47733EAC6360DFD4B1','98D377DF4204DEC671CD0D2D5D3945A5','LogVisite::CREATE','1842253B1CB715F6DDC9EBCCCA754FEA','SUCCESS','string(235) \"{\"command\":\"notification.send\",\"data\":{\"dest\":\"visiteur:CB2BE52049044B7DE85E94F645B3693A\",\"type\":\"general:notif\",\"options\":{\"title\":\"Pouet\",\"message\":\"Toto\"},\"model\":{\"model_id\":\"1842253B1CB715F6DDC9EBCCCA754FEA\",\"model\":\"logVisite\"}}}\"\n\n\nResult : ',1,'2013-03-12 12:10:15','2013-03-12 12:10:15'),('5A501AC7811E75DA94652F5E6F1D3FDF','8F22C8B86364E2210610FE4044C52855','Visite::UPDATE','80C4D3956D070BDB4AF412369BAC4C7F','SUCCESS','\n\nResult : ',0,'2013-02-22 11:36:12','2013-02-22 11:36:12'),('5A8E411DFE25EB00A396C43D3F80ABF5','42B9B8AE0A7C9479812BC3C91546BA32','LogVisite::CREATE','1C80BFB700A2781115B1E99EACA00456','SUCCESS','string(276) \"{\"command\":\"notification.send\",\"data\":{\"dest\":\"visiteur:2C35A157621E157EBEC5F407EFB592C9\",\"type\":\"general:notif\",\"options\":{\"title\":\"Pshit !!!! champagne !!!\",\"message\":\"Meilleur score battu OOOH!\"},\"model\":{\"model_id\":\"1C80BFB700A2781115B1E99EACA00456\",\"model\":\"LogVisite\"}}}\"\nMeilleur score de 8999 sur interactif 002423538C0E0A6E1FFF8A9FE37B0A78\n\nResult : ',1,'2013-03-13 09:14:03','2013-03-13 09:14:03'),('5C19388D01B2F3EDD99891968BFE0CB5','8F22C8B86364E2210610FE4044C52855','Visite::UPDATE','270E891D0D0CEAAB4B1979DC212B7C7C','SUCCESS','\n\nResult : ',1,'2013-02-25 23:11:56','2013-02-25 23:11:56'),('5C2175364A01B5BB8F0EEB4531677A3E','8F22C8B86364E2210610FE4044C52855','Visite::CREATE','C1CF2E85B5E8A81ED6FB86E051B099C6','SUCCESS','\n\nResult : ',1,'2013-03-11 09:45:06','2013-03-11 09:45:06'),('5C6B0CC44F81D67AA713113647A973FC','8F22C8B86364E2210610FE4044C52855','Visite::CREATE','1ECD79ED0F1432DEE9A177D6C1010F73','SUCCESS','\n\nResult : ',1,'2013-03-19 17:01:58','2013-03-19 17:01:58'),('5CA387F1B6B6E53AD4B25447707CD877','8F22C8B86364E2210610FE4044C52855','Visite::CREATE','2E1D23825C4325A9B8BCB487AC1F6152','SUCCESS','\n\nResult : ',1,'2013-03-13 17:58:43','2013-03-13 17:58:43'),('5D1851C7CAE29E95B2B8770B974EF4F1','98D377DF4204DEC671CD0D2D5D3945A5','LogVisite::CREATE','2EFDD7AAC57600E15F64DECD588BC849','SUCCESS','string(235) \"{\"command\":\"notification.send\",\"data\":{\"dest\":\"visiteur:DE075FD99BD5F75B86D400478F49E2B4\",\"type\":\"general:notif\",\"options\":{\"title\":\"Pouet\",\"message\":\"Toto\"},\"model\":{\"model_id\":\"2EFDD7AAC57600E15F64DECD588BC849\",\"model\":\"logVisite\"}}}\"\n\n\nResult : ',1,'2013-03-14 16:44:31','2013-03-14 16:44:31'),('5DBF598E489CF34504F42E9E9C64F094','8F22C8B86364E2210610FE4044C52855','Visite::UPDATE','19F4DAFB6E801DEDF3C43DC8AB12ABC9','SUCCESS','1984-11-28\n\n\nResult : ',1,'2013-03-14 09:40:47','2013-03-14 09:40:47'),('5E4C0811CDA556FA127F236F461A35E8','72F8A047022C94AD42E351C5EFD2C149','LogVisite::CREATE','416092871D100AF3481546ED76AF5243','SUCCESS','2C055BAD85C20DFDB43BD76F8E495D2E 26\n\nResult : ',1,'2013-03-13 17:25:18','2013-03-13 17:25:18'),('5EB14A15C864E2713D499CCEDF0FCB12','8F22C8B86364E2210610FE4044C52855','Visite::CREATE','26896A23EF73FC754DF0C24624C948A3','SUCCESS','1998-02-09\n\n\nResult : ',1,'2013-03-26 11:11:54','2013-03-26 11:11:54'),('5F1D857834FCE65B0CA07B36070D6AC1','8F22C8B86364E2210610FE4044C52855','Visite::CREATE','702D9852373F536C6D49E3DA0BF62CD6','SUCCESS','\n\nResult : ',1,'2013-03-20 16:08:33','2013-03-20 16:08:33'),('5F74600F57B21CE8D6C0EC072125865A','42B9B8AE0A7C9479812BC3C91546BA32','LogVisite::CREATE','A27DC84FD7E69B523637460C7EB75B76','SUCCESS','string(276) \"{\"command\":\"notification.send\",\"data\":{\"dest\":\"visiteur:2C35A157621E157EBEC5F407EFB592C9\",\"type\":\"general:notif\",\"options\":{\"title\":\"Pshit !!!! champagne !!!\",\"message\":\"Meilleur score battu OOOH!\"},\"model\":{\"model_id\":\"A27DC84FD7E69B523637460C7EB75B76\",\"model\":\"LogVisite\"}}}\"\nMeilleur score de 9002 sur interactif 002423538C0E0A6E1FFF8A9FE37B0A78\n\nResult : ',1,'2013-03-13 09:20:01','2013-03-13 09:20:01'),('5F937F07DB0818AE14292614EC2B7D71','5D5F2106E97B1061A8136B9B602B08C7','LogVisite::CREATE','C9CBC493BD3338D399B69808A35B5B4B','SUCCESS','\n\nResult : ',1,'2013-03-14 16:45:38','2013-03-14 16:45:38'),('5FA394800A5D619BAD1D0576F6E6522E','98D377DF4204DEC671CD0D2D5D3945A5','LogVisite::CREATE','8CD2E658E331EEEDF76A1F7EC3544541','SUCCESS','string(235) \"{\"command\":\"notification.send\",\"data\":{\"dest\":\"visiteur:2C35A157621E157EBEC5F407EFB592C9\",\"type\":\"general:notif\",\"options\":{\"title\":\"Pouet\",\"message\":\"Toto\"},\"model\":{\"model_id\":\"8CD2E658E331EEEDF76A1F7EC3544541\",\"model\":\"logVisite\"}}}\"\n\n\nResult : ',1,'2013-03-12 11:54:19','2013-03-12 11:54:19'),('60CF655EEC1CF0E7601A59146FCC91D6','42B9B8AE0A7C9479812BC3C91546BA32','LogVisite::CREATE','4199AAD8BBB9613FD681BDDBC60202D7','SUCCESS','\n\nResult : ',1,'2013-03-13 17:31:12','2013-03-13 17:31:12'),('60F0DB2B58C7982467D61EC062A8EDCA','42B9B8AE0A7C9479812BC3C91546BA32','LogVisite::CREATE','0320D0CF70D82FFC1AE7AE9B2C0C101B','SUCCESS','\n\nResult : ',1,'2013-03-12 14:35:12','2013-03-12 14:35:12'),('60FA825CD24B6B6F812284C7DF47330F','98D377DF4204DEC671CD0D2D5D3945A5','LogVisite::CREATE','477E5AF85C11630002B878A694302543','SUCCESS','string(235) \"{\"command\":\"notification.send\",\"data\":{\"dest\":\"visiteur:2C35A157621E157EBEC5F407EFB592C9\",\"type\":\"general:notif\",\"options\":{\"title\":\"Pouet\",\"message\":\"Toto\"},\"model\":{\"model_id\":\"477E5AF85C11630002B878A694302543\",\"model\":\"logVisite\"}}}\"\n\n\nResult : ',1,'2013-03-13 09:20:15','2013-03-13 09:20:15'),('61EFA99BBE235C37A9F5CD2CF650E1E6','1CE9214A9066C8F6D56B8BF32CB01D80','Xp::UPDATE','C66D488A551A13AEE291FE711DB72AEB','SUCCESS','E34B5EF47ADE0CB20F4BF75BD9516A4D\n4000\nstring(263) \"{\"command\":\"notification.send\",\"data\":{\"dest\":\"visiteur:E34B5EF47ADE0CB20F4BF75BD9516A4D\",\"type\":\"general:notif:score\",\"options\":{\"title\":\"Champion !!!\",\"message\":\"Tu as 4000 XP !!!! !\"},\"model\":{\"model_id\":\"E34B5EF47ADE0CB20F4BF75BD9516A4D\",\"model\":\"visiteur\"}}}\"\n\n\nResult : ',1,'2013-03-08 11:32:21','2013-03-08 11:32:21'),('61F3815A71E77459F6932C266A902B1B','42B9B8AE0A7C9479812BC3C91546BA32','LogVisite::CREATE','8B7029B83F90A7DA4625BD699CBB3427','SUCCESS','Testing best score on interactif 002423538C0E0A6E1FFF8A9FE37B0A78 with logVisite guid 8B7029B83F90A7DA4625BD699CBB3427\n\nResult : ',1,'2013-03-12 12:01:01','2013-03-12 12:01:01'),('6353D25D54D4A2264F9A24C68A2F83FE','5D5F2106E97B1061A8136B9B602B08C7','LogVisite::CREATE','0320D0CF70D82FFC1AE7AE9B2C0C101B','SUCCESS','\n\nResult : ',1,'2013-03-12 14:35:12','2013-03-12 14:35:12'),('6379B6224317F3979C38134881E1DF7D','8F22C8B86364E2210610FE4044C52855','Visite::CREATE','6D323D5F638D74CDAB53F1EE4B976ED4','SUCCESS','1987-02-16\n\n\nResult : ',1,'2013-03-13 18:13:10','2013-03-13 18:13:10'),('6592AFFD60D93FA9CEB79F36DADF2212','1CE9214A9066C8F6D56B8BF32CB01D80','Xp::UPDATE','C66D488A551A13AEE291FE711DB72AEB','SUCCESS','E34B5EF47ADE0CB20F4BF75BD9516A4D\n4000\nstring(263) \"{\"command\":\"notification.send\",\"data\":{\"dest\":\"visiteur:E34B5EF47ADE0CB20F4BF75BD9516A4D\",\"type\":\"general:notif:score\",\"options\":{\"title\":\"Champion !!!\",\"message\":\"Tu as 4000 XP !!!! !\"},\"model\":{\"model_id\":\"E34B5EF47ADE0CB20F4BF75BD9516A4D\",\"model\":\"visiteur\"}}}\"\n\n\nResult : ',1,'2013-03-08 11:22:43','2013-03-08 11:22:43'),('662B03151A1ECBA5F14781F8BC3391C4','8F22C8B86364E2210610FE4044C52855','Visite::CREATE','D3C5B885AB8E6B7EBEE3A09799B78E61','SUCCESS','\n\nResult : ',1,'2013-03-21 17:47:44','2013-03-21 17:47:44'),('667B9F7F842CD7379CA22455407122E5','8F22C8B86364E2210610FE4044C52855','Visite::CREATE','ABBA8E8FD98890C30B93159979F0E3D6','SUCCESS','\n\nResult : ',1,'2013-03-14 14:24:55','2013-03-14 14:24:55'),('672B14421A1C33FEF982EF231433F508','8F22C8B86364E2210610FE4044C52855','Visite::UPDATE','6A01D8836CD8FE2522C2E8F6EC0400FC','SUCCESS','\n\nResult : ',1,'2013-03-11 09:47:41','2013-03-11 09:47:41'),('67B5235B38486F20FC2B31C6A824397D','8F22C8B86364E2210610FE4044C52855','Visite::UPDATE','19F4DAFB6E801DEDF3C43DC8AB12ABC9','SUCCESS','1984-11-28\n\n\nResult : ',1,'2013-03-14 09:55:40','2013-03-14 09:55:40'),('67E0B4A3B96A35C4C31A400A26F15A87','8F22C8B86364E2210610FE4044C52855','Visite::UPDATE','5177BECB8B85C831C1EEA9494898D2FF','SUCCESS','1990-05-09\n\n\nResult : ',1,'2013-03-14 12:06:04','2013-03-14 12:06:04'),('67EE6031069F70633445B99D95AE7D19','42B9B8AE0A7C9479812BC3C91546BA32','LogVisite::CREATE','C35384083112D44F8E103E10C1D87B3A','SUCCESS','Testing best score on interactif 002423538C0E0A6E1FFF8A9FE37B0A78 with logVisite guid C35384083112D44F8E103E10C1D87B3A\n\nResult : ',1,'2013-03-12 11:55:55','2013-03-12 11:55:55'),('68D751A88A90F1D7B0CBDDA3E75B0057','42B9B8AE0A7C9479812BC3C91546BA32','LogVisite::CREATE','416092871D100AF3481546ED76AF5243','SUCCESS','\n\nResult : ',1,'2013-03-13 17:25:18','2013-03-13 17:25:18'),('691BCBDDC6F0771CD5F123BB5BF1D467','8F22C8B86364E2210610FE4044C52855','Visite::CREATE','E1381B84850EC9C0A73B0511C923C110','SUCCESS','\n\nResult : ',1,'2013-03-13 14:44:36','2013-03-13 14:44:36'),('695882C11AC565B5E9EDF2ADA9B4BF91','8F22C8B86364E2210610FE4044C52855','Visite::CREATE','EE26E193ABAED19C6255B1B6581AABFB','SUCCESS','\n\nResult : ',1,'2013-03-26 12:45:11','2013-03-26 12:45:11'),('69B6DF70A98F3AE6C6D2955E71818261','42B9B8AE0A7C9479812BC3C91546BA32','LogVisite::CREATE','AEC7DD7EB92CA7C2EF56D5250CDBAF87','SUCCESS','\n\nResult : ',1,'2013-03-12 14:33:19','2013-03-12 14:33:19'),('6A693AFB365DC3CFF42AAE3FE3198DE5','42B9B8AE0A7C9479812BC3C91546BA32','LogVisite::CREATE','0F0554D03AB772EA815D4815048C7904','SUCCESS','Testing best score on interactif 002423538C0E0A6E1FFF8A9FE37B0A78 with logVisite guid 0F0554D03AB772EA815D4815048C7904\n\nResult : ',1,'2013-03-12 11:33:20','2013-03-12 11:33:20'),('6C03D2358BB17F7B2F58B8C56EE73955','8F22C8B86364E2210610FE4044C52855','Visite::CREATE','0131710145BF3FFE38C6CB66C482BC79','SUCCESS','\n\nResult : ',1,'2013-03-14 09:25:14','2013-03-14 09:25:14'),('6C251FDE3331DC0AB7D454530C176815','8F22C8B86364E2210610FE4044C52855','Visite::UPDATE','6ACFAC1B48C2E0F3ED5162726C2D3B4B','SUCCESS','\n\nResult : ',1,'2013-03-26 10:13:50','2013-03-26 10:13:50'),('6C725EDAD63BFB2DF75EA6A130818EE4','8F22C8B86364E2210610FE4044C52855','Visite::UPDATE','09D3E508F6E017DD09DB9333BAC41604','SUCCESS','\n\nResult : ',1,'2013-03-21 17:46:27','2013-03-21 17:46:27'),('6CDCB52AF6CA3853B3946C5A7041B735','58C929DB6DF5FD5DE9A09EB66BA367BF','LogVisite::CREATE','A27DC84FD7E69B523637460C7EB75B76','SUCCESS','string(276) \"{\"command\":\"notification.send\",\"data\":{\"dest\":\"visiteur:2C35A157621E157EBEC5F407EFB592C9\",\"type\":\"general:notif\",\"options\":{\"title\":\"Pshit !!!! champagne !!!\",\"message\":\"Meilleur score battu OOOH!\"},\"model\":{\"model_id\":\"A27DC84FD7E69B523637460C7EB75B76\",\"model\":\"LogVisite\"}}}\"\nMeilleur score de 9002 sur interactif 002423538C0E0A6E1FFF8A9FE37B0A78\n\nResult : ',1,'2013-03-13 09:20:01','2013-03-13 09:20:01'),('6CE6CDCC906CA67CCB706D646FD6963F','8F22C8B86364E2210610FE4044C52855','Visite::CREATE','AC1C8E429C733054B4EC45157136A325','SUCCESS','\n\nResult : ',1,'2013-03-26 12:38:32','2013-03-26 12:38:32'),('6DC0A6C24DAFD5FAADA561A8B637FD01','42B9B8AE0A7C9479812BC3C91546BA32','LogVisite::CREATE','B81A1D51CC4F1FDE3892D5BDD1B48C1D','SUCCESS','Testing best score on interactif 002423538C0E0A6E1FFF8A9FE37B0A78 with logVisite guid B81A1D51CC4F1FDE3892D5BDD1B48C1D\n\nResult : ',1,'2013-03-12 11:54:07','2013-03-12 11:54:07'),('6E7ED4472D5240DC05220FCADD93A577','8F22C8B86364E2210610FE4044C52855','Visite::CREATE','2509D1D93D30AA138A9BFDCAF2CE5FE4','SUCCESS','\n\nResult : ',1,'2013-03-11 10:18:56','2013-03-11 10:18:56'),('6E8A09562D38DE211FA8B6BD3752BAC8','8F22C8B86364E2210610FE4044C52855','Visite::UPDATE','B50EC94069A7AB0E17BBEAA88553C7E4','SUCCESS','1976-12-27\n\n\nResult : ',1,'2013-03-07 17:11:07','2013-03-07 17:11:07'),('6E8A68F8A2732402C3B8A4A3CB08B5D8','8F22C8B86364E2210610FE4044C52855','Visite::UPDATE','E3AC6573F56303520D4E81FA34ECDD5E','SUCCESS','1984-06-19\n\n\nResult : ',1,'2013-03-26 10:30:03','2013-03-26 10:30:03'),('6F49D5AD3686B246490FBFFE6DE40A48','58C929DB6DF5FD5DE9A09EB66BA367BF','LogVisite::CREATE','B81A1D51CC4F1FDE3892D5BDD1B48C1D','SUCCESS','Testing best score on interactif 002423538C0E0A6E1FFF8A9FE37B0A78 with logVisite guid B81A1D51CC4F1FDE3892D5BDD1B48C1D\n\nResult : ',1,'2013-03-12 11:54:07','2013-03-12 11:54:07'),('6F920F718403D88595D0B0E305F7EABE','8F22C8B86364E2210610FE4044C52855','Visite::UPDATE','7BB393C55473E13356781D0A2C257625','SUCCESS','\n\nResult : ',1,'2013-03-26 10:17:03','2013-03-26 10:17:03'),('6FF3C33E01AED6980061A95EF58346AF','8F22C8B86364E2210610FE4044C52855','Visite::CREATE','29D88A9FBE9F875C33108091C213283A','SUCCESS','\n\nResult : ',1,'2013-03-13 13:16:16','2013-03-13 13:16:16'),('708A371C2C8209DBE7A9E722D234EEFE','8F22C8B86364E2210610FE4044C52855','Visite::CREATE','0AE92644D7446BD6C3C779C7FB549590','SUCCESS','\n\nResult : ',0,'2013-02-22 11:38:16','2013-02-22 11:38:16'),('711CD35FECD5136B2199C002DF788B18','8F22C8B86364E2210610FE4044C52855','Visite::CREATE','D28D91957F63CC22D9D39BA98BB9A7D6','SUCCESS','\n\nResult : ',1,'2013-03-11 09:43:42','2013-03-11 09:43:42'),('713796034874AC1A74E07EDFF82020B0','8F22C8B86364E2210610FE4044C52855','Visite::CREATE','F343FC2B0E249C7BF37A35F9240C8182','SUCCESS','\n\nResult : ',1,'2013-03-13 17:25:01','2013-03-13 17:25:01'),('715DAB6AC84A3A2A68F5D1F27F895A02','8F22C8B86364E2210610FE4044C52855','Visite::UPDATE','896585B7E4D999F84458DE95F44CCD7C','SUCCESS','1993-03-26\nHB!string(283) \"{\"command\":\"notification.send\",\"data\":{\"dest\":\"visiteur:99009A2E40CAE054AAB77264988837F5\",\"type\":\"general:notif:anniversaire\",\"options\":{\"title\":\"Pshit !!!! champagne !!!\",\"message\":\"Joyeux Anniversaire !\"},\"model\":{\"model_id\":\"99009A2E40CAE054AAB77264988837F5\",\"model\":\"visiteur\"}}}\"\n\n\nResult : ',1,'2013-03-26 09:40:14','2013-03-26 09:40:14'),('7248C0737B2BFFE2C3B7F9F0BF7D5638','8F22C8B86364E2210610FE4044C52855','Visite::UPDATE','8A0D4D390B31CFC7298133BB27F00139','SUCCESS','\n\nResult : ',1,'2013-03-08 16:50:54','2013-03-08 16:50:54'),('73A96FF09123902D6CC0732B03F8795A','8F22C8B86364E2210610FE4044C52855','Visite::UPDATE','5177BECB8B85C831C1EEA9494898D2FF','SUCCESS','1993-04-09\n\n\nResult : ',1,'2013-03-14 12:05:44','2013-03-14 12:05:44'),('744925596409403FBB97B1422264839A','8F22C8B86364E2210610FE4044C52855','Visite::CREATE','19F4DAFB6E801DEDF3C43DC8AB12ABC9','SUCCESS','1984-10-28\n\n\nResult : ',1,'2013-03-11 10:13:30','2013-03-11 10:13:30'),('750BE924183CD005ED60CE1E69F8D049','8F22C8B86364E2210610FE4044C52855','Visite::UPDATE','0AE92644D7446BD6C3C779C7FB549590','SUCCESS','\n\nResult : ',0,'2013-02-22 11:39:03','2013-02-22 11:39:03'),('7557A46ED27F576E6F583DF4C142C387','42B9B8AE0A7C9479812BC3C91546BA32','LogVisite::CREATE','2EFDD7AAC57600E15F64DECD588BC849','SUCCESS','string(276) \"{\"command\":\"notification.send\",\"data\":{\"dest\":\"visiteur:DE075FD99BD5F75B86D400478F49E2B4\",\"type\":\"general:notif\",\"options\":{\"title\":\"Pshit !!!! champagne !!!\",\"message\":\"Meilleur score battu OOOH!\"},\"model\":{\"model_id\":\"2EFDD7AAC57600E15F64DECD588BC849\",\"model\":\"LogVisite\"}}}\"\nMeilleur score de 10000 sur interactif 002423538C0E0A6E1FFF8A9FE37B0A78\n\nResult : ',1,'2013-03-14 16:44:31','2013-03-14 16:44:31'),('757197C1095E4B4A909532F08F678408','8F22C8B86364E2210610FE4044C52855','Visite::UPDATE','B98F88FBCE4FAD96A895456CA2911319','SUCCESS','1987-04-20\n\n\nResult : ',0,'2013-02-22 10:12:29','2013-02-22 10:12:29'),('7610BF7AB056601F36E424809D541006','5D5F2106E97B1061A8136B9B602B08C7','LogVisite::CREATE','EF7614A5F2CE62800EC794035B99011A','SUCCESS','\n\nResult : ',1,'2013-03-12 14:19:47','2013-03-12 14:19:47'),('76749D2EFA7BA4E9FF5836BA51C0D018','8F22C8B86364E2210610FE4044C52855','Visite::UPDATE','29D88A9FBE9F875C33108091C213283A','SUCCESS','\n\nResult : ',1,'2013-03-13 14:42:08','2013-03-13 14:42:08'),('76F52D1AC8F2D1BEEC801B26C90C72F1','8F22C8B86364E2210610FE4044C52855','Visite::UPDATE','2B35A738105B5FE50B1F40F06811188A','SUCCESS','\n\nResult : ',0,'2013-02-22 11:38:12','2013-02-22 11:38:12'),('77FD223C2A66F10ECC3A10D5F985492E','42B9B8AE0A7C9479812BC3C91546BA32','LogVisite::CREATE','B0C216A191D758A943388CB1F52D6C7E','SUCCESS','\n\nResult : ',1,'2013-03-13 17:30:51','2013-03-13 17:30:51'),('79FB8E809C1AE262C219E5A0D6CEFD32','8F22C8B86364E2210610FE4044C52855','Visite::CREATE','68AF4FAB6FB01D13AD0C4B94255043E4','SUCCESS','1987-04-20\n\n\nResult : ',0,'2013-02-22 11:39:23','2013-02-22 11:39:23'),('7A80684559A300347B9A55AE20430513','8F22C8B86364E2210610FE4044C52855','Visite::CREATE','631E2F54F1A8EAB8FAACE06EB7CE0876','SUCCESS','1998-02-09\n\n\nResult : ',1,'2013-03-20 17:43:54','2013-03-20 17:43:54'),('7ABB5BE7476F8DA6E9313706348C8062','8F22C8B86364E2210610FE4044C52855','Visite::UPDATE','2509D1D93D30AA138A9BFDCAF2CE5FE4','SUCCESS','\n\nResult : ',1,'2013-03-11 10:19:17','2013-03-11 10:19:17'),('7C1A20D13F8B7116DD78C06563BC6229','5D5F2106E97B1061A8136B9B602B08C7','LogVisite::CREATE','2EFDD7AAC57600E15F64DECD588BC849','SUCCESS','\n\nResult : ',1,'2013-03-14 16:44:31','2013-03-14 16:44:31'),('7D286621E904F1D328CC19CC31BE5A69','42B9B8AE0A7C9479812BC3C91546BA32','LogVisite::CREATE','8CD2E658E331EEEDF76A1F7EC3544541','SUCCESS','Testing best score on interactif 002423538C0E0A6E1FFF8A9FE37B0A78 with logVisite guid 8CD2E658E331EEEDF76A1F7EC3544541\n\nResult : ',1,'2013-03-12 11:54:19','2013-03-12 11:54:19'),('7DB37FBBC87E1FE7FA2C6CB3F617BBF2','8F22C8B86364E2210610FE4044C52855','Visite::UPDATE','45A86AF192692AB0298541A90DBDCF86','SUCCESS','1987-05-20\n\n\nResult : ',1,'2013-02-25 23:27:42','2013-02-25 23:27:42'),('7DB66622FE96FA45CC902CE829D83954','8F22C8B86364E2210610FE4044C52855','Visite::UPDATE','19F4DAFB6E801DEDF3C43DC8AB12ABC9','SUCCESS','1984-11-28\n\n\nResult : ',1,'2013-03-14 09:52:36','2013-03-14 09:52:36'),('7EAD4733E839BE267D6D82C517A1B805','8F22C8B86364E2210610FE4044C52855','Visite::CREATE','06C22BEC19A949F546FC45BB99428423','SUCCESS','\n\nResult : ',1,'2013-03-08 17:04:26','2013-03-08 17:04:26'),('7ED6D7870A8A038D15F91EBC55E86D7C','98D377DF4204DEC671CD0D2D5D3945A5','LogVisite::CREATE','AEF6761163915D05F0FEEE49EBA4A6AB','SUCCESS','string(235) \"{\"command\":\"notification.send\",\"data\":{\"dest\":\"visiteur:CB2BE52049044B7DE85E94F645B3693A\",\"type\":\"general:notif\",\"options\":{\"title\":\"Pouet\",\"message\":\"Toto\"},\"model\":{\"model_id\":\"AEF6761163915D05F0FEEE49EBA4A6AB\",\"model\":\"logVisite\"}}}\"\n\n\nResult : ',1,'2013-03-12 11:46:46','2013-03-12 11:46:46'),('7F0C453DB79F7995312AB2C2349001E5','8F22C8B86364E2210610FE4044C52855','Visite::UPDATE','197AC68678AF5B15BCFFB143F41933F7','SUCCESS','1995-03-07\n\n\nResult : ',1,'2013-03-14 15:11:35','2013-03-14 15:11:35'),('7F2F4BB12EEE623CB16F94E30DEAEDC1','8F22C8B86364E2210610FE4044C52855','Visite::CREATE','7BB393C55473E13356781D0A2C257625','SUCCESS','\n\nResult : ',1,'2013-03-21 17:48:03','2013-03-21 17:48:03'),('7F38D6D9022AD8E9E7AA923F3873A6E4','58C929DB6DF5FD5DE9A09EB66BA367BF','LogVisite::CREATE','7FBBAB8FF21A218A8FF6F80001C276B3','SUCCESS','Testing best score on interactif 002423538C0E0A6E1FFF8A9FE37B0A78 with logVisite guid 7FBBAB8FF21A218A8FF6F80001C276B3\n\nResult : ',1,'2013-03-12 11:34:16','2013-03-12 11:34:16'),('80DC7A46DBA950112C32FB90135D6F73','8F22C8B86364E2210610FE4044C52855','Visite::UPDATE','45A86AF192692AB0298541A90DBDCF86','SUCCESS','1987-05-20\n\n\nResult : ',1,'2013-02-25 23:27:47','2013-02-25 23:27:47'),('810492C954338BDD4116615BD7068CBD','98D377DF4204DEC671CD0D2D5D3945A5','LogVisite::CREATE','0320D0CF70D82FFC1AE7AE9B2C0C101B','SUCCESS','string(235) \"{\"command\":\"notification.send\",\"data\":{\"dest\":\"visiteur:2C35A157621E157EBEC5F407EFB592C9\",\"type\":\"general:notif\",\"options\":{\"title\":\"Pouet\",\"message\":\"Toto\"},\"model\":{\"model_id\":\"0320D0CF70D82FFC1AE7AE9B2C0C101B\",\"model\":\"logVisite\"}}}\"\n\n\nResult : ',1,'2013-03-12 14:35:12','2013-03-12 14:35:12'),('81BB741152EDFDFBCE79F64CEB884B36','5D5F2106E97B1061A8136B9B602B08C7','LogVisite::CREATE','4199AAD8BBB9613FD681BDDBC60202D7','SUCCESS','\n\nResult : ',1,'2013-03-13 17:31:12','2013-03-13 17:31:12'),('82ADE5DF5113E1A8363CD9F18C9D0299','8F22C8B86364E2210610FE4044C52855','Visite::CREATE','EFCF1AECAD475734D3D65AA6C46CB9D8','SUCCESS','1993-03-12\nHB!string(283) \"{\"command\":\"notification.send\",\"data\":{\"dest\":\"visiteur:A4E828670443919EDDACF3F8F6B6D3D4\",\"type\":\"general:notif:anniversaire\",\"options\":{\"title\":\"Pshit !!!! champagne !!!\",\"message\":\"Joyeux Anniversaire !\"},\"model\":{\"model_id\":\"A4E828670443919EDDACF3F8F6B6D3D4\",\"model\":\"visiteur\"}}}\"\n\n\nResult : ',1,'2013-03-12 12:28:23','2013-03-12 12:28:23'),('82DD644394D885734B50E7F08A921574','8F22C8B86364E2210610FE4044C52855','Visite::CREATE','7BE6431AB1F7251665789237083E8EAE','SUCCESS','1969-09-09\n\n\nResult : ',1,'2013-03-05 13:01:28','2013-03-05 13:01:28'),('834DBE9BDF7DAAED56A796E7A8D7A174','8F22C8B86364E2210610FE4044C52855','Visite::UPDATE','19F4DAFB6E801DEDF3C43DC8AB12ABC9','SUCCESS','1984-11-28\n\n\nResult : ',1,'2013-03-14 09:58:41','2013-03-14 09:58:41'),('838A361B232A4164BD66BDD61C6CD35B','8F22C8B86364E2210610FE4044C52855','Visite::UPDATE','CF279FD49CDAA0A76D27114E919F9596','SUCCESS','1995-05-12\n\n\nResult : ',1,'2013-03-14 10:48:07','2013-03-14 10:48:07'),('856584D85CAD8F6A5DC62E6E581D209A','8F22C8B86364E2210610FE4044C52855','Visite::UPDATE','19F4DAFB6E801DEDF3C43DC8AB12ABC9','SUCCESS','1984-11-28\n\n\nResult : ',1,'2013-03-14 09:56:22','2013-03-14 09:56:22'),('85C1E2AB5244EBA0A03A2D8A84EAE456','58C929DB6DF5FD5DE9A09EB66BA367BF','LogVisite::CREATE','7DCFC7E4E62FED2F6CC33AC3E0F9C82A','SUCCESS','string(276) \"{\"command\":\"notification.send\",\"data\":{\"dest\":\"visiteur:2C35A157621E157EBEC5F407EFB592C9\",\"type\":\"general:notif\",\"options\":{\"title\":\"Pshit !!!! champagne !!!\",\"message\":\"Meilleur score battu OOOH!\"},\"model\":{\"model_id\":\"7DCFC7E4E62FED2F6CC33AC3E0F9C82A\",\"model\":\"LogVisite\"}}}\"\nMeilleur score de 6999 sur interactif 002423538C0E0A6E1FFF8A9FE37B0A78\n\nResult : ',1,'2013-03-12 13:07:55','2013-03-12 13:07:55'),('8636185AC5F6A0F30E416C4BCA5E48C7','8F22C8B86364E2210610FE4044C52855','Visite::UPDATE','2E1D23825C4325A9B8BCB487AC1F6152','SUCCESS','\n\nResult : ',1,'2013-03-13 17:58:43','2013-03-13 17:58:43'),('86A706D07956E65F1EB8F272704609F7','42B9B8AE0A7C9479812BC3C91546BA32','LogVisite::CREATE','2C8057A117D699332DCD58B49F60B491','SUCCESS','Testing best score on interactif 002423538C0E0A6E1FFF8A9FE37B0A78 with logVisite guid 2C8057A117D699332DCD58B49F60B491string(276) \"{\"command\":\"notification.send\",\"data\":{\"dest\":\"visiteur:CB2BE52049044B7DE85E94F645B3693A\",\"type\":\"general:notif\",\"options\":{\"title\":\"Pshit !!!! champagne !!!\",\"message\":\"Meilleur score battu OOOH!\"},\"model\":{\"model_id\":\"2C8057A117D699332DCD58B49F60B491\",\"model\":\"LogVisite\"}}}\"\nMeilleur score de 3001 sur interactif 002423538C0E0A6E1FFF8A9FE37B0A78\n\nResult : ',1,'2013-03-12 11:40:42','2013-03-12 11:40:42'),('87A6876024A9C21963A7FB5A145A65FF','8F22C8B86364E2210610FE4044C52855','Visite::UPDATE','54ADB99F5B183FAE087BDE040B37613A','SUCCESS','\n\nResult : ',1,'2013-03-18 14:48:54','2013-03-18 14:48:54'),('881F928E76D51DEFBBCB03591DF999D5','8F22C8B86364E2210610FE4044C52855','Visite::CREATE','941897DC5BA57421A9362479E5AE51F0','SUCCESS','\n\nResult : ',1,'2013-03-20 16:11:08','2013-03-20 16:11:08'),('88491E4CA87763C4DE5CCCA4BFA1BFCC','98D377DF4204DEC671CD0D2D5D3945A5','LogVisite::CREATE','0F0554D03AB772EA815D4815048C7904','SUCCESS','string(235) \"{\"command\":\"notification.send\",\"data\":{\"dest\":\"visiteur:2C35A157621E157EBEC5F407EFB592C9\",\"type\":\"general:notif\",\"options\":{\"title\":\"Pouet\",\"message\":\"Toto\"},\"model\":{\"model_id\":\"0F0554D03AB772EA815D4815048C7904\",\"model\":\"logVisite\"}}}\"\n\n\nResult : ',1,'2013-03-12 11:33:20','2013-03-12 11:33:20'),('88C252B51749AFADCAF4DB86D96C427C','8F22C8B86364E2210610FE4044C52855','Visite::UPDATE','0131710145BF3FFE38C6CB66C482BC79','SUCCESS','1988-06-14\n\n\nResult : ',1,'2013-03-14 10:12:27','2013-03-14 10:12:27'),('890563BECF2530A46A383072677A3C11','8F22C8B86364E2210610FE4044C52855','Visite::UPDATE','CD7C3FFC12D3066C7BDD07031818100E','SUCCESS','1987-02-20\n\n\nResult : ',0,'2013-02-21 14:01:46','2013-02-21 14:01:46'),('896FDD6BBD6F23EB4CF66C3C0DEB2A70','58C929DB6DF5FD5DE9A09EB66BA367BF','LogVisite::CREATE','F019505E70CE1D3FF23C4B9489DF516A','SUCCESS','string(276) \"{\"command\":\"notification.send\",\"data\":{\"dest\":\"visiteur:CB2BE52049044B7DE85E94F645B3693A\",\"type\":\"general:notif\",\"options\":{\"title\":\"Pshit !!!! champagne !!!\",\"message\":\"Meilleur score battu OOOH!\"},\"model\":{\"model_id\":\"F019505E70CE1D3FF23C4B9489DF516A\",\"model\":\"LogVisite\"}}}\"\nMeilleur score de 7000 sur interactif 002423538C0E0A6E1FFF8A9FE37B0A78\n\nResult : ',1,'2013-03-12 12:18:37','2013-03-12 12:18:37'),('89E27804212035453CAFE91270677934','98D377DF4204DEC671CD0D2D5D3945A5','LogVisite::CREATE','7FBBAB8FF21A218A8FF6F80001C276B3','SUCCESS','string(235) \"{\"command\":\"notification.send\",\"data\":{\"dest\":\"visiteur:CB2BE52049044B7DE85E94F645B3693A\",\"type\":\"general:notif\",\"options\":{\"title\":\"Pouet\",\"message\":\"Toto\"},\"model\":{\"model_id\":\"7FBBAB8FF21A218A8FF6F80001C276B3\",\"model\":\"logVisite\"}}}\"\n\n\nResult : ',1,'2013-03-12 11:34:16','2013-03-12 11:34:16'),('8A3AC33E4DC4D5A25FAD2F6E009FEDE1','42B9B8AE0A7C9479812BC3C91546BA32','LogVisite::CREATE','447807B3C80C518FFA3E025577975772','SUCCESS','Testing best score on interactif 002423538C0E0A6E1FFF8A9FE37B0A78 with logVisite guid 447807B3C80C518FFA3E025577975772string(276) \"{\"command\":\"notification.send\",\"data\":{\"dest\":\"visiteur:CB2BE52049044B7DE85E94F645B3693A\",\"type\":\"general:notif\",\"options\":{\"title\":\"Pshit !!!! champagne !!!\",\"message\":\"Meilleur score battu OOOH!\"},\"model\":{\"model_id\":\"447807B3C80C518FFA3E025577975772\",\"model\":\"LogVisite\"}}}\"\nMeilleur score de 3001 sur interactif 002423538C0E0A6E1FFF8A9FE37B0A78\n\nResult : ',1,'2013-03-12 11:34:36','2013-03-12 11:34:36'),('8A575495CCAA6613404BCC6474653E06','8F22C8B86364E2210610FE4044C52855','Visite::UPDATE','AC1C8E429C733054B4EC45157136A325','SUCCESS','\n\nResult : ',1,'2013-03-26 12:44:21','2013-03-26 12:44:21'),('8A9D88DCB32C58EB9EE64B4CA2307F01','8F22C8B86364E2210610FE4044C52855','Visite::CREATE','B86121C5A0BA14EE4D33D7D3987A7C0C','SUCCESS','1987-02-16\n\n\nResult : ',1,'2013-03-13 18:08:35','2013-03-13 18:08:35'),('8BE068396347F4D89D6E2C70C80C46D2','5D5F2106E97B1061A8136B9B602B08C7','LogVisite::CREATE','416092871D100AF3481546ED76AF5243','SUCCESS','\n\nResult : ',1,'2013-03-13 17:25:18','2013-03-13 17:25:18'),('8BF7B62F423AAA5136857F9D4B147C8A','8F22C8B86364E2210610FE4044C52855','Visite::UPDATE','197AC68678AF5B15BCFFB143F41933F7','SUCCESS','1995-03-07\n\n\nResult : ',1,'2013-03-14 15:10:00','2013-03-14 15:10:00'),('8C494B1ED25755E7BD93394647BC9A76','8F22C8B86364E2210610FE4044C52855','Visite::CREATE','AF58875F09DAAFFC2E46248B785DCD9A','SUCCESS','\n\nResult : ',1,'2013-03-26 11:57:34','2013-03-26 11:57:34'),('8D65A2D7DE80F1788B81B9504F404353','98D377DF4204DEC671CD0D2D5D3945A5','LogVisite::CREATE','51924BFA7FC272E022C44FAAD57DC783','SUCCESS','string(235) \"{\"command\":\"notification.send\",\"data\":{\"dest\":\"visiteur:2C35A157621E157EBEC5F407EFB592C9\",\"type\":\"general:notif\",\"options\":{\"title\":\"Pouet\",\"message\":\"Toto\"},\"model\":{\"model_id\":\"51924BFA7FC272E022C44FAAD57DC783\",\"model\":\"logVisite\"}}}\"\n\n\nResult : ',1,'2013-03-12 11:28:40','2013-03-12 11:28:40'),('8E15127F878A54D0B44742B3A72C295F','5D5F2106E97B1061A8136B9B602B08C7','LogVisite::CREATE','AEC7DD7EB92CA7C2EF56D5250CDBAF87','SUCCESS','\n\nResult : ',1,'2013-03-12 14:33:19','2013-03-12 14:33:19'),('8E8B5C3BDA1C7A6AF4B0CE48E7A18C92','8F22C8B86364E2210610FE4044C52855','Visite::CREATE','6D1533B25402F2B6446E90A4A38F62BB','SUCCESS','\n\nResult : ',1,'2013-03-21 17:56:14','2013-03-21 17:56:14'),('8F780FC5ABD07B5F524DAA184D077E5C','42B9B8AE0A7C9479812BC3C91546BA32','LogVisite::CREATE','51924BFA7FC272E022C44FAAD57DC783','SUCCESS','Testing best score on interactif 002423538C0E0A6E1FFF8A9FE37B0A78 with logVisite guid 51924BFA7FC272E022C44FAAD57DC783string(276) \"{\"command\":\"notification.send\",\"data\":{\"dest\":\"visiteur:2C35A157621E157EBEC5F407EFB592C9\",\"type\":\"general:notif\",\"options\":{\"title\":\"Pshit !!!! champagne !!!\",\"message\":\"Meilleur score battu OOOH!\"},\"model\":{\"model_id\":\"51924BFA7FC272E022C44FAAD57DC783\",\"model\":\"LogVisite\"}}}\"\nMeilleur score de 2001 sur interactif 002423538C0E0A6E1FFF8A9FE37B0A78\n\nResult : ',1,'2013-03-12 11:28:40','2013-03-12 11:28:40'),('8F85A4992BAB076C6ADFF3D08B671D79','8F22C8B86364E2210610FE4044C52855','Visite::CREATE','0D61347A1B3F69436E9402D69C29EFC9','SUCCESS','\n\nResult : ',1,'2013-03-18 14:44:24','2013-03-18 14:44:24'),('8FAB6610267307C58AE87156E8FE4D95','98D377DF4204DEC671CD0D2D5D3945A5','LogVisite::CREATE','8B7029B83F90A7DA4625BD699CBB3427','SUCCESS','string(235) \"{\"command\":\"notification.send\",\"data\":{\"dest\":\"visiteur:CB2BE52049044B7DE85E94F645B3693A\",\"type\":\"general:notif\",\"options\":{\"title\":\"Pouet\",\"message\":\"Toto\"},\"model\":{\"model_id\":\"8B7029B83F90A7DA4625BD699CBB3427\",\"model\":\"logVisite\"}}}\"\n\n\nResult : ',1,'2013-03-12 12:01:01','2013-03-12 12:01:01'),('90063DEA27EE311AA2B96D1CE2C5AD06','8F22C8B86364E2210610FE4044C52855','Visite::UPDATE','CF279FD49CDAA0A76D27114E919F9596','SUCCESS','1995-06-12\n\n\nResult : ',1,'2013-03-14 10:48:58','2013-03-14 10:48:58'),('90871F612DBC4515F56346424AB12159','58C929DB6DF5FD5DE9A09EB66BA367BF','LogVisite::CREATE','3F73CCAC5321F25E29CE3852DE8CB6F1','SUCCESS','Testing best score on interactif 002423538C0E0A6E1FFF8A9FE37B0A78 with logVisite guid 3F73CCAC5321F25E29CE3852DE8CB6F1\n\nResult : ',1,'2013-03-12 11:52:04','2013-03-12 11:52:04'),('911B394F2BD86A6FEA945A1636F662EF','8F22C8B86364E2210610FE4044C52855','Visite::UPDATE','364BAE1A9A55B77C2F98906794D1714C','SUCCESS','\n\nResult : ',1,'2013-02-25 16:43:01','2013-02-25 16:43:01'),('9159502E2F2A3BC8C9E9397FA5F2415E','58C929DB6DF5FD5DE9A09EB66BA367BF','LogVisite::CREATE','416092871D100AF3481546ED76AF5243','SUCCESS','string(276) \"{\"command\":\"notification.send\",\"data\":{\"dest\":\"visiteur:DE075FD99BD5F75B86D400478F49E2B4\",\"type\":\"general:notif\",\"options\":{\"title\":\"Pshit !!!! champagne !!!\",\"message\":\"Meilleur score battu OOOH!\"},\"model\":{\"model_id\":\"416092871D100AF3481546ED76AF5243\",\"model\":\"LogVisite\"}}}\"\nMeilleur score de 1000 sur interactif 002423538C0E0A6E1FFF8A9FE37B0A78\n\nResult : ',1,'2013-03-13 17:25:18','2013-03-13 17:25:18'),('91657460CBD01BCE50A399E3104EC2DA','8F22C8B86364E2210610FE4044C52855','Visite::CREATE','07AFEE0F58494A9ADEA6845E48E5B3C3','SUCCESS','\n\nResult : ',1,'2013-03-26 12:48:39','2013-03-26 12:48:39'),('916B2EB203A17C4B77E10837E021922F','42B9B8AE0A7C9479812BC3C91546BA32','LogVisite::CREATE','03A6AFFB3E405D4E710BF7989C5DFA83','SUCCESS','\n\nResult : ',1,'2013-03-12 12:19:43','2013-03-12 12:19:43'),('91853D9E803892A0CF43BBAE5A65EFA7','8F22C8B86364E2210610FE4044C52855','Visite::CREATE','E3ED8117FF5D1999FE503B4621F1A66D','SUCCESS','1987-02-20\nHB!\n\nResult : ',0,'2013-02-20 18:49:40','2013-02-20 18:49:40'),('92140FA22A0F52D7814325CA15903D14','98D377DF4204DEC671CD0D2D5D3945A5','LogVisite::CREATE','909D72633F4B92AF034567619C8544F2','SUCCESS','string(235) \"{\"command\":\"notification.send\",\"data\":{\"dest\":\"visiteur:2C35A157621E157EBEC5F407EFB592C9\",\"type\":\"general:notif\",\"options\":{\"title\":\"Pouet\",\"message\":\"Toto\"},\"model\":{\"model_id\":\"909D72633F4B92AF034567619C8544F2\",\"model\":\"logVisite\"}}}\"\n\n\nResult : ',1,'2013-03-12 11:55:49','2013-03-12 11:55:49'),('92A608DE55FD779E285150DADB6C34A4','58C929DB6DF5FD5DE9A09EB66BA367BF','LogVisite::CREATE','3FAB932C2F5A8000B268E5D2EF4C5AE7','SUCCESS','Testing best score on interactif 002423538C0E0A6E1FFF8A9FE37B0A78 with logVisite guid 3FAB932C2F5A8000B268E5D2EF4C5AE7\n\nResult : ',1,'2013-03-12 11:41:07','2013-03-12 11:41:07'),('92E3A9A3D1EA3E1B881A06605FC039D8','8F22C8B86364E2210610FE4044C52855','Visite::UPDATE','37E3CB4ACEBA051BC05E0679D3B4B07F','SUCCESS','1992-09-25\n\n\nResult : ',1,'2013-02-25 22:44:07','2013-02-25 22:44:07'),('93551567B70289FC277EFC3C76BED68B','8F22C8B86364E2210610FE4044C52855','Visite::CREATE','AB5F8908793D0C66C6BACA4FBCAF27AC','SUCCESS','\n\nResult : ',1,'2013-03-13 14:43:42','2013-03-13 14:43:42'),('935DE635F96D3174C7A6897AAAA0D607','42B9B8AE0A7C9479812BC3C91546BA32','LogVisite::CREATE','EF7614A5F2CE62800EC794035B99011A','SUCCESS','\n\nResult : ',1,'2013-03-12 14:19:47','2013-03-12 14:19:47'),('93D7B921EB57A632DF0C9570A7D8A4FD','5D5F2106E97B1061A8136B9B602B08C7','LogVisite::CREATE','4F96BCE69090444C57E7EB1FDE0B7C29','SUCCESS','\n\nResult : ',1,'2013-03-12 14:35:34','2013-03-12 14:35:34'),('93E8295BB0ACA860B873CA5488B6B522','8F22C8B86364E2210610FE4044C52855','Visite::UPDATE','0131710145BF3FFE38C6CB66C482BC79','SUCCESS','1990-03-14\nHB!string(283) \"{\"command\":\"notification.send\",\"data\":{\"dest\":\"visiteur:570B6F7B44861108353332CD046FB029\",\"type\":\"general:notif:anniversaire\",\"options\":{\"title\":\"Pshit !!!! champagne !!!\",\"message\":\"Joyeux Anniversaire !\"},\"model\":{\"model_id\":\"570B6F7B44861108353332CD046FB029\",\"model\":\"visiteur\"}}}\"\n\n\nResult : ',1,'2013-03-14 09:34:39','2013-03-14 09:34:39'),('9439B510C21F266E4292C20DAF42B8BF','8F22C8B86364E2210610FE4044C52855','Visite::CREATE','310DEBCD83ACB132C0C64679FBE1DC49','SUCCESS','\n\nResult : ',1,'2013-03-11 09:41:44','2013-03-11 09:41:44'),('947D60A46896E1D729081C201E04FD40','8F22C8B86364E2210610FE4044C52855','Visite::CREATE','896585B7E4D999F84458DE95F44CCD7C','SUCCESS','1993-03-26\nHB!string(283) \"{\"command\":\"notification.send\",\"data\":{\"dest\":\"visiteur:99009A2E40CAE054AAB77264988837F5\",\"type\":\"general:notif:anniversaire\",\"options\":{\"title\":\"Pshit !!!! champagne !!!\",\"message\":\"Joyeux Anniversaire !\"},\"model\":{\"model_id\":\"99009A2E40CAE054AAB77264988837F5\",\"model\":\"visiteur\"}}}\"\n\n\nResult : ',1,'2013-03-26 09:35:45','2013-03-26 09:35:45'),('97B2DA3487D2C24C8A40DB5387463617','8F22C8B86364E2210610FE4044C52855','Visite::CREATE','6AE7F1AAF1429898BB9E1457D4F42944','SUCCESS','1977-02-27\n\n\nResult : ',1,'2013-03-20 17:17:19','2013-03-20 17:17:19'),('97C5D3E8A73BD813D0FF13CF7C181911','8F22C8B86364E2210610FE4044C52855','Visite::CREATE','0074588BBD7C86FE3BA43D47D8FF66BC','SUCCESS','\n\nResult : ',1,'2013-03-18 14:36:10','2013-03-18 14:36:10'),('98468CBB53368F4827EABCC174D8E41E','98D377DF4204DEC671CD0D2D5D3945A5','LogVisite::CREATE','7DCFC7E4E62FED2F6CC33AC3E0F9C82A','SUCCESS','string(235) \"{\"command\":\"notification.send\",\"data\":{\"dest\":\"visiteur:2C35A157621E157EBEC5F407EFB592C9\",\"type\":\"general:notif\",\"options\":{\"title\":\"Pouet\",\"message\":\"Toto\"},\"model\":{\"model_id\":\"7DCFC7E4E62FED2F6CC33AC3E0F9C82A\",\"model\":\"logVisite\"}}}\"\n\n\nResult : ',1,'2013-03-12 13:07:55','2013-03-12 13:07:55'),('99EDE478335B0047D442D01EBF576670','72F8A047022C94AD42E351C5EFD2C149','LogVisite::CREATE','4A0274F83EC618082DD7B2DAE0CF9D48','SUCCESS','\n\nResult : ',1,'2013-03-13 17:27:58','2013-03-13 17:27:58'),('9A0B14CA86E620B48D3280DCB58D7DD2','8F22C8B86364E2210610FE4044C52855','Visite::UPDATE','19F4DAFB6E801DEDF3C43DC8AB12ABC9','SUCCESS','1984-11-28\n\n\nResult : ',1,'2013-03-14 09:40:34','2013-03-14 09:40:34'),('9A7A2153184F6DC6E1B43397B36B5FB6','42B9B8AE0A7C9479812BC3C91546BA32','LogVisite::CREATE','C9CBC493BD3338D399B69808A35B5B4B','SUCCESS','string(276) \"{\"command\":\"notification.send\",\"data\":{\"dest\":\"visiteur:DE075FD99BD5F75B86D400478F49E2B4\",\"type\":\"general:notif\",\"options\":{\"title\":\"Pshit !!!! champagne !!!\",\"message\":\"Meilleur score battu OOOH!\"},\"model\":{\"model_id\":\"C9CBC493BD3338D399B69808A35B5B4B\",\"model\":\"LogVisite\"}}}\"\nMeilleur score de 11000 sur interactif 002423538C0E0A6E1FFF8A9FE37B0A78\n\nResult : ',1,'2013-03-14 16:45:38','2013-03-14 16:45:38'),('9AD6C9CE29CBA74735E4F18342C6F16C','8F22C8B86364E2210610FE4044C52855','Visite::UPDATE','7B59EB737AF86A221859CC21F72AC738','SUCCESS','\n\nResult : ',1,'2013-03-01 14:23:11','2013-03-01 14:23:11'),('9BCA2E19F4BA896866989FB8013792EC','42B9B8AE0A7C9479812BC3C91546BA32','LogVisite::CREATE','65F3F341453A44393D8A515A30A10BE5','SUCCESS','Testing best score on interactif 002423538C0E0A6E1FFF8A9FE37B0A78 with logVisite guid 65F3F341453A44393D8A515A30A10BE5\n\nResult : ',1,'2013-03-12 11:52:52','2013-03-12 11:52:52'),('9BECD08AC2BFC90DF62DD38B4A74079A','98D377DF4204DEC671CD0D2D5D3945A5','LogVisite::CREATE','B81A1D51CC4F1FDE3892D5BDD1B48C1D','SUCCESS','string(235) \"{\"command\":\"notification.send\",\"data\":{\"dest\":\"visiteur:2C35A157621E157EBEC5F407EFB592C9\",\"type\":\"general:notif\",\"options\":{\"title\":\"Pouet\",\"message\":\"Toto\"},\"model\":{\"model_id\":\"B81A1D51CC4F1FDE3892D5BDD1B48C1D\",\"model\":\"logVisite\"}}}\"\n\n\nResult : ',1,'2013-03-12 11:54:07','2013-03-12 11:54:07'),('9CD3151059AE29A35E4C3818145F5FCA','98D377DF4204DEC671CD0D2D5D3945A5','LogVisite::CREATE','1C80BFB700A2781115B1E99EACA00456','SUCCESS','string(235) \"{\"command\":\"notification.send\",\"data\":{\"dest\":\"visiteur:2C35A157621E157EBEC5F407EFB592C9\",\"type\":\"general:notif\",\"options\":{\"title\":\"Pouet\",\"message\":\"Toto\"},\"model\":{\"model_id\":\"1C80BFB700A2781115B1E99EACA00456\",\"model\":\"logVisite\"}}}\"\n\n\nResult : ',1,'2013-03-13 09:14:03','2013-03-13 09:14:03'),('9D505156CB5AE9E3C9C1D1E51F1F075E','8F22C8B86364E2210610FE4044C52855','Visite::UPDATE','06C22BEC19A949F546FC45BB99428423','SUCCESS','\n\nResult : ',1,'2013-03-09 21:15:02','2013-03-09 21:15:02'),('9D7222FADCB52753588EE6250756711B','8F22C8B86364E2210610FE4044C52855','Visite::CREATE','0C7BD14F605D961D97F28C9E353D4A62','SUCCESS','1984-06-19\n\n\nResult : ',1,'2013-03-26 10:35:31','2013-03-26 10:35:31'),('9D923271EB5E5B352E9B88CC8CB5540B','8F22C8B86364E2210610FE4044C52855','Visite::CREATE','964242993CFFF32F0AF3712D84887F86','SUCCESS','\n\nResult : ',1,'2013-03-11 09:44:09','2013-03-11 09:44:09'),('9D94FFFA222E3A8DD861C5B08E9740CC','8F22C8B86364E2210610FE4044C52855','Visite::UPDATE','2B3A4DB3DC5E9F4CF467396498884BFF','SUCCESS','1983-08-06\n\n\nResult : ',1,'2013-03-19 16:53:33','2013-03-19 16:53:33'),('9DD95E4B174D37A87AC094A54C0491F8','8F22C8B86364E2210610FE4044C52855','Visite::UPDATE','FE04ED8D1D70CC828025B60451CADA8E','SUCCESS','\n\nResult : ',0,'2013-02-22 11:44:30','2013-02-22 11:44:30'),('9DE9A7398C80AABF832E77BBA74D9FD3','8F22C8B86364E2210610FE4044C52855','Visite::UPDATE','37D58377FBD18C24B97E48176AE8B004','SUCCESS','\n\nResult : ',1,'2013-03-11 10:12:16','2013-03-11 10:12:16'),('9DF0B23F34DB388CB9653058D3163278','42B9B8AE0A7C9479812BC3C91546BA32','LogVisite::CREATE','D5202985D302833A32E814BB88DB9026','SUCCESS','Testing best score on interactif 002423538C0E0A6E1FFF8A9FE37B0A78 with logVisite guid D5202985D302833A32E814BB88DB9026string(276) \"{\"command\":\"notification.send\",\"data\":{\"dest\":\"visiteur:CB2BE52049044B7DE85E94F645B3693A\",\"type\":\"general:notif\",\"options\":{\"title\":\"Pshit !!!! champagne !!!\",\"message\":\"Meilleur score battu OOOH!\"},\"model\":{\"model_id\":\"D5202985D302833A32E814BB88DB9026\",\"model\":\"LogVisite\"}}}\"\nMeilleur score de 3002 sur interactif 002423538C0E0A6E1FFF8A9FE37B0A78\n\nResult : ',1,'2013-03-12 11:46:07','2013-03-12 11:46:07'),('9E71891BD0DC05B6869F9F8E6CC40A6E','8F22C8B86364E2210610FE4044C52855','Visite::UPDATE','364BAE1A9A55B77C2F98906794D1714C','SUCCESS','1993-03-01\nHB!string(283) \"{\"command\":\"notification.send\",\"data\":{\"dest\":\"visiteur:40AF0F1F1C7E90F823B8957C29B4519C\",\"type\":\"general:notif:anniversaire\",\"options\":{\"title\":\"Pshit !!!! champagne !!!\",\"message\":\"Joyeux Anniversaire !\"},\"model\":{\"model_id\":\"40AF0F1F1C7E90F823B8957C29B4519C\",\"model\":\"visiteur\"}}}\"\n\n\nResult : ',1,'2013-03-01 14:20:33','2013-03-01 14:20:33'),('9F23BFFB7001EB1055AA205E31436E21','8F22C8B86364E2210610FE4044C52855','Visite::CREATE','1B6DDFCDAE4B87155F26FA080A61ADC8','SUCCESS','1987-11-23\n\n\nResult : ',0,'2013-02-22 15:21:56','2013-02-22 15:21:56'),('A03FF977E0342EC290F134481D9AC20C','8F22C8B86364E2210610FE4044C52855','Visite::UPDATE','2E1D23825C4325A9B8BCB487AC1F6152','SUCCESS','1991-05-15\n\n\nResult : ',1,'2013-03-13 18:12:31','2013-03-13 18:12:31'),('A200132B02B71652AF36E8E0E5023012','8F22C8B86364E2210610FE4044C52855','Visite::UPDATE','5177BECB8B85C831C1EEA9494898D2FF','SUCCESS','\n\nResult : ',1,'2013-03-14 10:56:36','2013-03-14 10:56:36'),('A2963BC70FD8C12AE2D44F71191B7F6E','8F22C8B86364E2210610FE4044C52855','Visite::UPDATE','CF279FD49CDAA0A76D27114E919F9596','SUCCESS','1995-08-12\n\n\nResult : ',1,'2013-03-14 11:42:39','2013-03-14 11:42:39'),('A36466EB31601A4F8E7506950F547954','5D5F2106E97B1061A8136B9B602B08C7','LogVisite::CREATE','B0C216A191D758A943388CB1F52D6C7E','SUCCESS','\n\nResult : ',1,'2013-03-13 17:30:51','2013-03-13 17:30:51'),('A3FE9C11DF240394F335636412F92530','8F22C8B86364E2210610FE4044C52855','Visite::CREATE','37E3CB4ACEBA051BC05E0679D3B4B07F','SUCCESS','1992-07-25\n\n\nResult : ',1,'2013-02-25 22:39:35','2013-02-25 22:39:35'),('A471D1CDD30DA660FD6836711EC12B21','8F22C8B86364E2210610FE4044C52855','Visite::CREATE','B50EC94069A7AB0E17BBEAA88553C7E4','SUCCESS','1976-12-27\n\n\nResult : ',1,'2013-02-26 14:21:19','2013-02-26 14:21:19'),('A59842B755517EF233486433969CB86E','8F22C8B86364E2210610FE4044C52855','Visite::UPDATE','AEF6F10F739B5AD7C644FD11D4CF6F1C','SUCCESS','1998-04-26\n\n\nResult : ',1,'2013-02-25 15:21:10','2013-02-25 15:21:10'),('A678324A3E965F58D94D1B17EE0024BC','8F22C8B86364E2210610FE4044C52855','Visite::CREATE','C2A4950EEAC6CAB20388E5E1C2AE5800','SUCCESS','\n\nResult : ',1,'2013-03-13 16:28:27','2013-03-13 16:28:27'),('A69BD69ECF64DF2A5BA335C820B2BA9E','8F22C8B86364E2210610FE4044C52855','Visite::UPDATE','C09171D7EC0B07F1A74C99BC4627E26A','SUCCESS','\n\nResult : ',1,'2013-03-11 10:16:26','2013-03-11 10:16:26'),('A70E906EDECE0E0ACA8776AF998D27FE','98D377DF4204DEC671CD0D2D5D3945A5','LogVisite::CREATE','4F96BCE69090444C57E7EB1FDE0B7C29','SUCCESS','string(235) \"{\"command\":\"notification.send\",\"data\":{\"dest\":\"visiteur:2C35A157621E157EBEC5F407EFB592C9\",\"type\":\"general:notif\",\"options\":{\"title\":\"Pouet\",\"message\":\"Toto\"},\"model\":{\"model_id\":\"4F96BCE69090444C57E7EB1FDE0B7C29\",\"model\":\"logVisite\"}}}\"\n\n\nResult : ',1,'2013-03-12 14:35:34','2013-03-12 14:35:34'),('A77BDDDF0597C51E1D3EA5E6916E6FCD','8F22C8B86364E2210610FE4044C52855','Visite::CREATE','1A8528F6ECF1AC03755385877EAE3C1F','SUCCESS','\n\nResult : ',1,'2013-03-11 09:47:01','2013-03-11 09:47:01'),('A83CBCE4F2269D5282AEAD138F5E5C2A','8F22C8B86364E2210610FE4044C52855','Visite::CREATE','6A01D8836CD8FE2522C2E8F6EC0400FC','SUCCESS','\n\nResult : ',1,'2013-03-11 09:47:31','2013-03-11 09:47:31'),('A8B890E73C04D51F7339995EE9C4B2D0','8F22C8B86364E2210610FE4044C52855','Visite::UPDATE','C1CF2E85B5E8A81ED6FB86E051B099C6','SUCCESS','\n\nResult : ',1,'2013-03-11 09:45:20','2013-03-11 09:45:20'),('A8D89FB50A625550AF8AF4DDFDCEEDB8','42B9B8AE0A7C9479812BC3C91546BA32','LogVisite::CREATE','4324FFBE82439BCFFFF5DDD0832B2777','SUCCESS','\n\nResult : ',1,'2013-03-13 17:22:28','2013-03-13 17:22:28'),('A9E6E080E16C6915862D328D37A6B8C7','8F22C8B86364E2210610FE4044C52855','Visite::UPDATE','CD7C3FFC12D3066C7BDD07031818100E','SUCCESS','1987-04-07\n\n\nResult : ',1,'2013-03-08 10:44:16','2013-03-08 10:44:16'),('AA414E83CAE2DF412F2C345F996EF74D','8F22C8B86364E2210610FE4044C52855','Visite::CREATE','2B35A738105B5FE50B1F40F06811188A','SUCCESS','\n\nResult : ',0,'2013-02-22 11:36:26','2013-02-22 11:36:26'),('AB1629CA6600F44FB0B2A974681248E8','8F22C8B86364E2210610FE4044C52855','Visite::CREATE','54ADB99F5B183FAE087BDE040B37613A','SUCCESS','\n\nResult : ',1,'2013-03-18 14:48:48','2013-03-18 14:48:48'),('AD1106ACDF134808F055F07E9D28E1DA','42B9B8AE0A7C9479812BC3C91546BA32','LogVisite::CREATE','909D72633F4B92AF034567619C8544F2','SUCCESS','Testing best score on interactif 002423538C0E0A6E1FFF8A9FE37B0A78 with logVisite guid 909D72633F4B92AF034567619C8544F2\n\nResult : ',1,'2013-03-12 11:55:49','2013-03-12 11:55:49'),('AD2D6A976F3BACC24585BDD5F83957DC','58C929DB6DF5FD5DE9A09EB66BA367BF','LogVisite::CREATE','4CF8E2A2CD670FD00DBA2DA2E0D95728','SUCCESS','Testing best score on interactif 002423538C0E0A6E1FFF8A9FE37B0A78 with logVisite guid 4CF8E2A2CD670FD00DBA2DA2E0D95728string(276) \"{\"command\":\"notification.send\",\"data\":{\"dest\":\"visiteur:2C35A157621E157EBEC5F407EFB592C9\",\"type\":\"general:notif\",\"options\":{\"title\":\"Pshit !!!! champagne !!!\",\"message\":\"Meilleur score battu OOOH!\"},\"model\":{\"model_id\":\"4CF8E2A2CD670FD00DBA2DA2E0D95728\",\"model\":\"LogVisite\"}}}\"\nMeilleur score de 6001 sur interactif 002423538C0E0A6E1FFF8A9FE37B0A78\n\nResult : ',1,'2013-03-12 11:59:47','2013-03-12 11:59:47'),('AE5CAB7F8C4290915F7B5D9989689952','58C929DB6DF5FD5DE9A09EB66BA367BF','LogVisite::CREATE','4A0274F83EC618082DD7B2DAE0CF9D48','SUCCESS','string(276) \"{\"command\":\"notification.send\",\"data\":{\"dest\":\"visiteur:DE075FD99BD5F75B86D400478F49E2B4\",\"type\":\"general:notif\",\"options\":{\"title\":\"Pshit !!!! champagne !!!\",\"message\":\"Meilleur score battu OOOH!\"},\"model\":{\"model_id\":\"4A0274F83EC618082DD7B2DAE0CF9D48\",\"model\":\"LogVisite\"}}}\"\nMeilleur score de 1000 sur interactif 002423538C0E0A6E1FFF8A9FE37B0A78\n\nResult : ',1,'2013-03-13 17:27:58','2013-03-13 17:27:58'),('AF799B63F7FD6B50657955FBEA55DDD2','5D5F2106E97B1061A8136B9B602B08C7','LogVisite::CREATE','4A0274F83EC618082DD7B2DAE0CF9D48','SUCCESS','\n\nResult : ',1,'2013-03-13 17:27:58','2013-03-13 17:27:58'),('AFACBBA089218E63A5E88BCCFF514CE5','8F22C8B86364E2210610FE4044C52855','Visite::UPDATE','C2A4950EEAC6CAB20388E5E1C2AE5800','SUCCESS','\n\nResult : ',1,'2013-03-13 17:06:03','2013-03-13 17:06:03'),('B04BED356C51D46A560496733A096A70','8F22C8B86364E2210610FE4044C52855','Visite::UPDATE','46FE4F1709BDFDD886ABE7C0EA0AB330','SUCCESS','\n\nResult : ',1,'2013-03-20 16:02:21','2013-03-20 16:02:21'),('B0A1ECACEF2737F5A30ABD45A2E06C68','8F22C8B86364E2210610FE4044C52855','Visite::UPDATE','CD7C3FFC12D3066C7BDD07031818100E','SUCCESS','1987-02-20\n\n\nResult : ',0,'2013-02-21 14:01:13','2013-02-21 14:01:13'),('B0FC5BC479DDEC0F8D8A489BBDAA1B49','98D377DF4204DEC671CD0D2D5D3945A5','LogVisite::CREATE','EF7614A5F2CE62800EC794035B99011A','SUCCESS','string(235) \"{\"command\":\"notification.send\",\"data\":{\"dest\":\"visiteur:2C35A157621E157EBEC5F407EFB592C9\",\"type\":\"general:notif\",\"options\":{\"title\":\"Pouet\",\"message\":\"Toto\"},\"model\":{\"model_id\":\"EF7614A5F2CE62800EC794035B99011A\",\"model\":\"logVisite\"}}}\"\n\n\nResult : ',1,'2013-03-12 14:19:47','2013-03-12 14:19:47'),('B1123C6DEB1680C41DFE76FDDBB46A7A','8F22C8B86364E2210610FE4044C52855','Visite::UPDATE','68AF4FAB6FB01D13AD0C4B94255043E4','SUCCESS','1987-04-20\n\n\nResult : ',0,'2013-02-22 11:40:25','2013-02-22 11:40:25'),('B13A65EB7461C64F4089CF373318F287','98D377DF4204DEC671CD0D2D5D3945A5','LogVisite::CREATE','5F342DF29C77530814C5258761A56526','SUCCESS','string(235) \"{\"command\":\"notification.send\",\"data\":{\"dest\":\"visiteur:2C35A157621E157EBEC5F407EFB592C9\",\"type\":\"general:notif\",\"options\":{\"title\":\"Pouet\",\"message\":\"Toto\"},\"model\":{\"model_id\":\"5F342DF29C77530814C5258761A56526\",\"model\":\"logVisite\"}}}\"\n\n\nResult : ',1,'2013-03-12 11:29:14','2013-03-12 11:29:14'),('B280D83CE2054C0144FCD942A6820BF6','8F22C8B86364E2210610FE4044C52855','Visite::UPDATE','6D323D5F638D74CDAB53F1EE4B976ED4','SUCCESS','1987-02-16\n\n\nResult : ',1,'2013-03-14 09:46:56','2013-03-14 09:46:56'),('B2A7DDFEB9E2B44407314608F454EAC9','8F22C8B86364E2210610FE4044C52855','Visite::UPDATE','6AE7F1AAF1429898BB9E1457D4F42944','SUCCESS','1977-02-27\n\n\nResult : ',1,'2013-03-20 17:18:16','2013-03-20 17:18:16'),('B2C0D2BF56242637E8C4EBEADDB6F203','8F22C8B86364E2210610FE4044C52855','Visite::UPDATE','270E891D0D0CEAAB4B1979DC212B7C7C','SUCCESS','1993-02-25\n\n\nResult : ',1,'2013-03-01 11:05:46','2013-03-01 11:05:46'),('B30586D1B9EF1D3D95C79A085BB21FA8','98D377DF4204DEC671CD0D2D5D3945A5','LogVisite::CREATE','AEC7DD7EB92CA7C2EF56D5250CDBAF87','SUCCESS','string(235) \"{\"command\":\"notification.send\",\"data\":{\"dest\":\"visiteur:2C35A157621E157EBEC5F407EFB592C9\",\"type\":\"general:notif\",\"options\":{\"title\":\"Pouet\",\"message\":\"Toto\"},\"model\":{\"model_id\":\"AEC7DD7EB92CA7C2EF56D5250CDBAF87\",\"model\":\"logVisite\"}}}\"\n\n\nResult : ',1,'2013-03-12 14:33:19','2013-03-12 14:33:19'),('B3846525A3B35AA48BE5339E16F39BBA','42B9B8AE0A7C9479812BC3C91546BA32','LogVisite::CREATE','0648AC94D195F8E975105DAB1F0F90DA','SUCCESS','\n\nResult : ',1,'2013-03-12 14:18:31','2013-03-12 14:18:31'),('B4863D4D88C96B3CF9ACC9728BEFF209','98D377DF4204DEC671CD0D2D5D3945A5','LogVisite::CREATE','447807B3C80C518FFA3E025577975772','SUCCESS','string(235) \"{\"command\":\"notification.send\",\"data\":{\"dest\":\"visiteur:CB2BE52049044B7DE85E94F645B3693A\",\"type\":\"general:notif\",\"options\":{\"title\":\"Pouet\",\"message\":\"Toto\"},\"model\":{\"model_id\":\"447807B3C80C518FFA3E025577975772\",\"model\":\"logVisite\"}}}\"\n\n\nResult : ',1,'2013-03-12 11:34:36','2013-03-12 11:34:36'),('B4DC3F74EF5376C5153C2D3DF063D639','8F22C8B86364E2210610FE4044C52855','Visite::CREATE','7B59EB737AF86A221859CC21F72AC738','SUCCESS','\n\nResult : ',1,'2013-03-01 14:23:01','2013-03-01 14:23:01'),('B5C111C18FB416E2E410F29764745659','42B9B8AE0A7C9479812BC3C91546BA32','LogVisite::CREATE','EEFE91CD64631553E75B8D4ED4C68DF5','SUCCESS','\n\nResult : ',1,'2013-03-13 17:30:00','2013-03-13 17:30:00'),('B6607A6938E9FFA98B0727AC83C67AF0','8F22C8B86364E2210610FE4044C52855','Visite::UPDATE','EE26E193ABAED19C6255B1B6581AABFB','SUCCESS','\n\nResult : ',1,'2013-03-26 12:46:15','2013-03-26 12:46:15'),('B6EEFC9E451F7FBFBAB247A7A20FCF11','8F22C8B86364E2210610FE4044C52855','Visite::UPDATE','EFCF1AECAD475734D3D65AA6C46CB9D8','SUCCESS','1993-03-12\n\n\nResult : ',1,'2013-03-13 16:36:10','2013-03-13 16:36:10'),('B742CA2EA309976A6282CC02D6F7F526','8F22C8B86364E2210610FE4044C52855','Visite::UPDATE','0131710145BF3FFE38C6CB66C482BC79','SUCCESS','1988-06-14\n\n\nResult : ',1,'2013-03-14 10:56:33','2013-03-14 10:56:33'),('B76597DF9FFBB39575F9E6821ADBD8AA','8F22C8B86364E2210610FE4044C52855','Visite::UPDATE','6D323D5F638D74CDAB53F1EE4B976ED4','SUCCESS','1985-11-10\n\n\nResult : ',1,'2013-03-14 09:54:54','2013-03-14 09:54:54'),('B7CAD24C29B2D36D1F6168B7C1CA43ED','8F22C8B86364E2210610FE4044C52855','Visite::UPDATE','3FB2F4C1643F22D1E1628AACAFD1C111','SUCCESS','1993-03-20\nHB!string(283) \"{\"command\":\"notification.send\",\"data\":{\"dest\":\"visiteur:CE423CE7C8AB49343BF31F1EBC43A8BD\",\"type\":\"general:notif:anniversaire\",\"options\":{\"title\":\"Pshit !!!! champagne !!!\",\"message\":\"Joyeux Anniversaire !\"},\"model\":{\"model_id\":\"CE423CE7C8AB49343BF31F1EBC43A8BD\",\"model\":\"visiteur\"}}}\"\n\n\nResult : ',1,'2013-03-20 17:03:37','2013-03-20 17:03:37'),('B811478D0DFF016D837BEFF7626078F8','8F22C8B86364E2210610FE4044C52855','Visite::UPDATE','45A86AF192692AB0298541A90DBDCF86','SUCCESS','1987-02-20\n\n\nResult : ',0,'2013-02-21 13:37:51','2013-02-21 13:37:51'),('B8816A319509B173F6C8D3DE412D4E25','58C929DB6DF5FD5DE9A09EB66BA367BF','LogVisite::CREATE','5F5C0026E712EB6D92AD766B2FA88A3E','SUCCESS','string(276) \"{\"command\":\"notification.send\",\"data\":{\"dest\":\"visiteur:2C35A157621E157EBEC5F407EFB592C9\",\"type\":\"general:notif\",\"options\":{\"title\":\"Pshit !!!! champagne !!!\",\"message\":\"Meilleur score battu OOOH!\"},\"model\":{\"model_id\":\"5F5C0026E712EB6D92AD766B2FA88A3E\",\"model\":\"LogVisite\"}}}\"\nMeilleur score de 6999 sur interactif 002423538C0E0A6E1FFF8A9FE37B0A78\n\nResult : ',1,'2013-03-12 14:27:43','2013-03-12 14:27:43'),('B9395863C2E94A5FEE76C15DE2394028','42B9B8AE0A7C9479812BC3C91546BA32','LogVisite::CREATE','D6384C3EBFACE1E50253C144AF45FC11','SUCCESS','Testing best score on interactif 002423538C0E0A6E1FFF8A9FE37B0A78 with logVisite guid D6384C3EBFACE1E50253C144AF45FC11string(276) \"{\"command\":\"notification.send\",\"data\":{\"dest\":\"visiteur:CB2BE52049044B7DE85E94F645B3693A\",\"type\":\"general:notif\",\"options\":{\"title\":\"Pshit !!!! champagne !!!\",\"message\":\"Meilleur score battu OOOH!\"},\"model\":{\"model_id\":\"D6384C3EBFACE1E50253C144AF45FC11\",\"model\":\"LogVisite\"}}}\"\nMeilleur score de 3002 sur interactif 002423538C0E0A6E1FFF8A9FE37B0A78\n\nResult : ',1,'2013-03-12 11:46:31','2013-03-12 11:46:31'),('B9632F4E67941A9771C5E887A51F56E6','1CE9214A9066C8F6D56B8BF32CB01D80','Xp::UPDATE','C66D488A551A13AEE291FE711DB72AEB','SUCCESS','E34B5EF47ADE0CB20F4BF75BD9516A4D\n4000\nstring(263) \"{\"command\":\"notification.send\",\"data\":{\"dest\":\"visiteur:E34B5EF47ADE0CB20F4BF75BD9516A4D\",\"type\":\"general:notif:score\",\"options\":{\"title\":\"Champion !!!\",\"message\":\"Tu as 4000 XP !!!! !\"},\"model\":{\"model_id\":\"E34B5EF47ADE0CB20F4BF75BD9516A4D\",\"model\":\"visiteur\"}}}\"\n\n\nResult : ',1,'2013-03-08 11:40:18','2013-03-08 11:40:18'),('B97CDEC96B3187C8A8B1F03E289F9BB8','98D377DF4204DEC671CD0D2D5D3945A5','LogVisite::CREATE','6D83B88713E5BAD2A2FFDD32624C2444','SUCCESS','string(235) \"{\"command\":\"notification.send\",\"data\":{\"dest\":\"visiteur:CB2BE52049044B7DE85E94F645B3693A\",\"type\":\"general:notif\",\"options\":{\"title\":\"Pouet\",\"message\":\"Toto\"},\"model\":{\"model_id\":\"6D83B88713E5BAD2A2FFDD32624C2444\",\"model\":\"logVisite\"}}}\"\n\n\nResult : ',1,'2013-03-12 12:19:06','2013-03-12 12:19:06'),('BA17F17AFB95C2356992717379D2545F','8F22C8B86364E2210610FE4044C52855','Visite::UPDATE','DE2E3D395CD9BA6555CAB0910A7FE0D8','SUCCESS','1993-03-18\n\n\nResult : ',1,'2013-03-21 12:18:46','2013-03-21 12:18:46'),('BAF6C6DB8E236F564D6023CC542D9870','42B9B8AE0A7C9479812BC3C91546BA32','LogVisite::CREATE','0C0AE6B9DD7D4100B242B8A230B08258','SUCCESS','string(276) \"{\"command\":\"notification.send\",\"data\":{\"dest\":\"visiteur:CB2BE52049044B7DE85E94F645B3693A\",\"type\":\"general:notif\",\"options\":{\"title\":\"Pshit !!!! champagne !!!\",\"message\":\"Meilleur score battu OOOH!\"},\"model\":{\"model_id\":\"0C0AE6B9DD7D4100B242B8A230B08258\",\"model\":\"LogVisite\"}}}\"\nMeilleur score de 7000 sur interactif 002423538C0E0A6E1FFF8A9FE37B0A78\n\nResult : ',1,'2013-03-12 12:18:52','2013-03-12 12:18:52'),('BB2E81A500CF43F44620B1458D1C8F3F','8F22C8B86364E2210610FE4044C52855','Visite::UPDATE','45A86AF192692AB0298541A90DBDCF86','SUCCESS','1987-05-20\n\n\nResult : ',1,'2013-02-25 23:15:50','2013-02-25 23:15:50'),('BCBB30472D09948FDC1EEF3BC277C35D','98D377DF4204DEC671CD0D2D5D3945A5','LogVisite::CREATE','4E034A3A954B815207523C4584BB51D8','SUCCESS','string(235) \"{\"command\":\"notification.send\",\"data\":{\"dest\":\"visiteur:2C35A157621E157EBEC5F407EFB592C9\",\"type\":\"general:notif\",\"options\":{\"title\":\"Pouet\",\"message\":\"Toto\"},\"model\":{\"model_id\":\"4E034A3A954B815207523C4584BB51D8\",\"model\":\"logVisite\"}}}\"\n\n\nResult : ',1,'2013-03-12 11:23:25','2013-03-12 11:23:25'),('BD07F3B366002608012CCFFD96DDD82B','98D377DF4204DEC671CD0D2D5D3945A5','LogVisite::CREATE','03A6AFFB3E405D4E710BF7989C5DFA83','SUCCESS','string(235) \"{\"command\":\"notification.send\",\"data\":{\"dest\":\"visiteur:2C35A157621E157EBEC5F407EFB592C9\",\"type\":\"general:notif\",\"options\":{\"title\":\"Pouet\",\"message\":\"Toto\"},\"model\":{\"model_id\":\"03A6AFFB3E405D4E710BF7989C5DFA83\",\"model\":\"logVisite\"}}}\"\n\n\nResult : ',1,'2013-03-12 12:19:43','2013-03-12 12:19:43'),('BDAC4595F157F8311A8A15D1095216FE','98D377DF4204DEC671CD0D2D5D3945A5','LogVisite::CREATE','4324FFBE82439BCFFFF5DDD0832B2777','SUCCESS','string(235) \"{\"command\":\"notification.send\",\"data\":{\"dest\":\"visiteur:DE075FD99BD5F75B86D400478F49E2B4\",\"type\":\"general:notif\",\"options\":{\"title\":\"Pouet\",\"message\":\"Toto\"},\"model\":{\"model_id\":\"4324FFBE82439BCFFFF5DDD0832B2777\",\"model\":\"logVisite\"}}}\"\n\n\nResult : ',1,'2013-03-13 17:22:28','2013-03-13 17:22:28'),('BDDE88BCA4EEA92E1C46A66707397355','8F22C8B86364E2210610FE4044C52855','Visite::UPDATE','197AC68678AF5B15BCFFB143F41933F7','SUCCESS','1995-03-07\n\n\nResult : ',1,'2013-03-14 15:09:51','2013-03-14 15:09:51'),('BF7902BC107CA9A3F03FC162049B6DCB','8F22C8B86364E2210610FE4044C52855','Visite::CREATE','8F130E9B8C1E0113403A538E8A46C07C','SUCCESS','\n\nResult : ',1,'2013-03-13 17:26:41','2013-03-13 17:26:41'),('BFE06D11707CD1BF454C9A2DF5B08554','58C929DB6DF5FD5DE9A09EB66BA367BF','LogVisite::CREATE','37B41391D6021B0974E6A873AD379BE0','SUCCESS','string(276) \"{\"command\":\"notification.send\",\"data\":{\"dest\":\"visiteur:DE075FD99BD5F75B86D400478F49E2B4\",\"type\":\"general:notif\",\"options\":{\"title\":\"Pshit !!!! champagne !!!\",\"message\":\"Meilleur score battu OOOH!\"},\"model\":{\"model_id\":\"37B41391D6021B0974E6A873AD379BE0\",\"model\":\"LogVisite\"}}}\"\nMeilleur score de 1000 sur interactif 002423538C0E0A6E1FFF8A9FE37B0A78\n\nResult : ',1,'2013-03-13 17:28:43','2013-03-13 17:28:43'),('C0F10F71C38117C4775DB3C6C29E55B6','98D377DF4204DEC671CD0D2D5D3945A5','LogVisite::CREATE','EDF2E3C2A5D6FCAEC44DE0D9741E6EAE','SUCCESS','string(235) \"{\"command\":\"notification.send\",\"data\":{\"dest\":\"visiteur:F9CC3EFCB1CA130957F77EFBD50B6637\",\"type\":\"general:notif\",\"options\":{\"title\":\"Pouet\",\"message\":\"Toto\"},\"model\":{\"model_id\":\"EDF2E3C2A5D6FCAEC44DE0D9741E6EAE\",\"model\":\"logVisite\"}}}\"\n\n\nResult : ',0,'2013-02-20 19:05:22','2013-02-20 19:05:22'),('C1A5B415ECBB9531A549F95FCF81192E','58C929DB6DF5FD5DE9A09EB66BA367BF','LogVisite::CREATE','B0C216A191D758A943388CB1F52D6C7E','SUCCESS','string(276) \"{\"command\":\"notification.send\",\"data\":{\"dest\":\"visiteur:DE075FD99BD5F75B86D400478F49E2B4\",\"type\":\"general:notif\",\"options\":{\"title\":\"Pshit !!!! champagne !!!\",\"message\":\"Meilleur score battu OOOH!\"},\"model\":{\"model_id\":\"B0C216A191D758A943388CB1F52D6C7E\",\"model\":\"LogVisite\"}}}\"\nMeilleur score de 1000 sur interactif 002423538C0E0A6E1FFF8A9FE37B0A78\n\nResult : ',1,'2013-03-13 17:30:51','2013-03-13 17:30:51'),('C1DE223B42C2228D2E4CBB8933BACC4F','58C929DB6DF5FD5DE9A09EB66BA367BF','LogVisite::CREATE','2C8057A117D699332DCD58B49F60B491','SUCCESS','Testing best score on interactif 002423538C0E0A6E1FFF8A9FE37B0A78 with logVisite guid 2C8057A117D699332DCD58B49F60B491\n\nResult : ',1,'2013-03-12 11:40:42','2013-03-12 11:40:42'),('C2931543C8CFE667DFB966110DD906BF','58C929DB6DF5FD5DE9A09EB66BA367BF','LogVisite::CREATE','AEC7DD7EB92CA7C2EF56D5250CDBAF87','SUCCESS','string(276) \"{\"command\":\"notification.send\",\"data\":{\"dest\":\"visiteur:2C35A157621E157EBEC5F407EFB592C9\",\"type\":\"general:notif\",\"options\":{\"title\":\"Pshit !!!! champagne !!!\",\"message\":\"Meilleur score battu OOOH!\"},\"model\":{\"model_id\":\"AEC7DD7EB92CA7C2EF56D5250CDBAF87\",\"model\":\"LogVisite\"}}}\"\nMeilleur score de 6999 sur interactif 002423538C0E0A6E1FFF8A9FE37B0A78\n\nResult : ',1,'2013-03-12 14:33:19','2013-03-12 14:33:19'),('C40C5DDD46B24E5446BEC0358D0DF743','98D377DF4204DEC671CD0D2D5D3945A5','LogVisite::CREATE','D6384C3EBFACE1E50253C144AF45FC11','SUCCESS','string(235) \"{\"command\":\"notification.send\",\"data\":{\"dest\":\"visiteur:CB2BE52049044B7DE85E94F645B3693A\",\"type\":\"general:notif\",\"options\":{\"title\":\"Pouet\",\"message\":\"Toto\"},\"model\":{\"model_id\":\"D6384C3EBFACE1E50253C144AF45FC11\",\"model\":\"logVisite\"}}}\"\n\n\nResult : ',1,'2013-03-12 11:46:31','2013-03-12 11:46:31'),('C45801605A95654E6514321E5994DEBE','8F22C8B86364E2210610FE4044C52855','Visite::CREATE','04E75D8F8B89F371CC184AAB32BE7419','SUCCESS','1984-06-19\n\n\nResult : ',1,'2013-03-26 09:31:16','2013-03-26 09:31:16'),('C51666E66536A7B1D62C03663C19DA00','5D5F2106E97B1061A8136B9B602B08C7','LogVisite::CREATE','7DCFC7E4E62FED2F6CC33AC3E0F9C82A','SUCCESS','\n\nResult : ',1,'2013-03-12 13:07:55','2013-03-12 13:07:55'),('C537DF2AD8DBD9D8075DCD1C0FF16A4B','42B9B8AE0A7C9479812BC3C91546BA32','LogVisite::CREATE','432E7AF651AF2C547CC70557689A941C','SUCCESS','\n\nResult : ',1,'2013-03-12 14:18:26','2013-03-12 14:18:26'),('C5FA397A0410FE94A6AFD95B4F6B9147','8F22C8B86364E2210610FE4044C52855','Visite::CREATE','2B3A4DB3DC5E9F4CF467396498884BFF','SUCCESS','1983-07-06\n\n\nResult : ',1,'2013-03-19 16:51:13','2013-03-19 16:51:13'),('C64FBD4143E1BF80F2C5B19342EB6E2F','58C929DB6DF5FD5DE9A09EB66BA367BF','LogVisite::CREATE','8B7029B83F90A7DA4625BD699CBB3427','SUCCESS','Testing best score on interactif 002423538C0E0A6E1FFF8A9FE37B0A78 with logVisite guid 8B7029B83F90A7DA4625BD699CBB3427string(276) \"{\"command\":\"notification.send\",\"data\":{\"dest\":\"visiteur:CB2BE52049044B7DE85E94F645B3693A\",\"type\":\"general:notif\",\"options\":{\"title\":\"Pshit !!!! champagne !!!\",\"message\":\"Meilleur score battu OOOH!\"},\"model\":{\"model_id\":\"8B7029B83F90A7DA4625BD699CBB3427\",\"model\":\"LogVisite\"}}}\"\nMeilleur score de 6000 sur interactif 002423538C0E0A6E1FFF8A9FE37B0A78\n\nResult : ',1,'2013-03-12 12:01:01','2013-03-12 12:01:01'),('C65FC635280684E9BE69184C406B6E73','8F22C8B86364E2210610FE4044C52855','Visite::CREATE','C6EA4E7B63B3B5BF980C2ED5360EA47A','SUCCESS','1987-02-20\nHB!\n\nResult : ',0,'2013-02-20 18:45:16','2013-02-20 18:45:16'),('C6BF360954DD2A465BD8764CFCBFA026','58C929DB6DF5FD5DE9A09EB66BA367BF','LogVisite::CREATE','AEF6761163915D05F0FEEE49EBA4A6AB','SUCCESS','Testing best score on interactif 002423538C0E0A6E1FFF8A9FE37B0A78 with logVisite guid AEF6761163915D05F0FEEE49EBA4A6AB\n\nResult : ',1,'2013-03-12 11:46:46','2013-03-12 11:46:46'),('C6D5D0C9EE69E178E9A4B996A3098D46','42B9B8AE0A7C9479812BC3C91546BA32','LogVisite::CREATE','1842253B1CB715F6DDC9EBCCCA754FEA','SUCCESS','Array\n (\n     [visiteur_id] => CB2BE52049044B7DE85E94F645B3693A\n     [score] => 6000\n     [guid] => 1842253B1CB715F6DDC9EBCCCA754FEA\n     [interactif_libelle] => atelier\n     [is_tosync] => 1\n     [interactif_id] => 002423538C0E0A6E1FFF8A9FE37B0A78\n     [end_at] => 2011-02-14 10:00:00\n     [start_at] => 2011-02-14 10:00:00\n     [Interactif] => Array\n         (\n             [description] => \n             [guid] => 002423538C0E0A6E1FFF8A9FE37B0A78\n             [is_visiteur_needed] => 1\n             [url_interactif_type] => 1\n             [explications_resultats] => \n             [logo] => \n             [source_type] => natif\n             [libelle] => atelier\n             [refresh_deploiement] => \n             [url_interactif_choice] => \n             [langues] => \n             [url_visiteur_type] => 1\n             [version] => \n             [url_market_ios] => \n             [publics] => \n             [is_tosync] => \n             [url_fichier_interactif] => http://navinum.cap-sciences.net/expos-content/bois/clientApp.swf\n             [markets] => android;ios\n             [is_logvisite_needed] => 1\n             [updated_at] => 2013-02-06 11:22:10\n             [created_at] => 2012-04-18 11:28:01\n             [url_market_android] => \n             [variable] => \n             [is_logvisite_verbose_needed] => \n             [url_start_at_type] => m\n             [score] => {\"6991FF680DEEAB0F384DF38DB3CD4749\":\"\"}\n             [url_pierre_de_rosette] => \n             [synopsis] => \n             [url_end_at_type] => m\n             [categorie] => \n             [url_market_windows] => \n             [is_parcours_needed] => \n             [editeur] => \n             [url_scheme] => \n             [url_illustration] => http://navinum.cap-sciences.net/expos-content/bois/fond.png\n         )\n\n     [visite_id] => 0005C46E77FB4613F4EC4828BBA32EAB\n     [updated_at] => 2013-03-12 12:10:15\n     [created_at] => 2013-03-12 12:10:15\n     [exposition_id] => 2C055BAD85C20DFDB43BD76F8E495D2E\n     [resultats] => toto\n )\nTesting best score on interactif 002423538C0E0A6E1FFF8A9FE37B0A78 with logVisite guid 1842253B1CB715F6DDC9EBCCCA754FEA\n\nResult : ',1,'2013-03-12 12:10:15','2013-03-12 12:10:15'),('C6FE717F19C3E04B0D24F49ABE8BAAFF','8F22C8B86364E2210610FE4044C52855','Visite::CREATE','C934F3A168147AB447928D9634A77B11','SUCCESS','1993-03-26\nHB!string(283) \"{\"command\":\"notification.send\",\"data\":{\"dest\":\"visiteur:0B0D7F2CDCF09DC0F022EAD8B3B09A95\",\"type\":\"general:notif:anniversaire\",\"options\":{\"title\":\"Pshit !!!! champagne !!!\",\"message\":\"Joyeux Anniversaire !\"},\"model\":{\"model_id\":\"0B0D7F2CDCF09DC0F022EAD8B3B09A95\",\"model\":\"visiteur\"}}}\"\n\n\nResult : ',1,'2013-03-26 11:48:16','2013-03-26 11:48:16'),('C7BB5B4B0E75BFA833227E094FC4D86F','58C929DB6DF5FD5DE9A09EB66BA367BF','LogVisite::CREATE','EEFE91CD64631553E75B8D4ED4C68DF5','SUCCESS','string(276) \"{\"command\":\"notification.send\",\"data\":{\"dest\":\"visiteur:DE075FD99BD5F75B86D400478F49E2B4\",\"type\":\"general:notif\",\"options\":{\"title\":\"Pshit !!!! champagne !!!\",\"message\":\"Meilleur score battu OOOH!\"},\"model\":{\"model_id\":\"EEFE91CD64631553E75B8D4ED4C68DF5\",\"model\":\"LogVisite\"}}}\"\nMeilleur score de 1000 sur interactif 002423538C0E0A6E1FFF8A9FE37B0A78\n\nResult : ',1,'2013-03-13 17:30:00','2013-03-13 17:30:00'),('C7CF463DDE0E37BB84A8E52D6763AB77','8F22C8B86364E2210610FE4044C52855','Visite::CREATE','ECED53371C20B441BF02D8570EA27C29','SUCCESS','\n\nResult : ',1,'2013-03-21 17:57:31','2013-03-21 17:57:31'),('C8302DFD0064C7ADAE143823CDA5513D','58C929DB6DF5FD5DE9A09EB66BA367BF','LogVisite::CREATE','C9CBC493BD3338D399B69808A35B5B4B','SUCCESS','string(276) \"{\"command\":\"notification.send\",\"data\":{\"dest\":\"visiteur:DE075FD99BD5F75B86D400478F49E2B4\",\"type\":\"general:notif\",\"options\":{\"title\":\"Pshit !!!! champagne !!!\",\"message\":\"Meilleur score battu OOOH!\"},\"model\":{\"model_id\":\"C9CBC493BD3338D399B69808A35B5B4B\",\"model\":\"LogVisite\"}}}\"\nMeilleur score de 11000 sur interactif 002423538C0E0A6E1FFF8A9FE37B0A78\n\nResult : ',1,'2013-03-14 16:45:38','2013-03-14 16:45:38'),('C980C1984E0211750BDD57C25C3EEB4E','8F22C8B86364E2210610FE4044C52855','Visite::UPDATE','62BEB8E4AB34FF136282ECC6E1480343','SUCCESS','1993-03-12\n\n\nResult : ',1,'2013-03-13 17:04:57','2013-03-13 17:04:57'),('C9CD9BA09387B358F44A542425B20E9F','8F22C8B86364E2210610FE4044C52855','Visite::UPDATE','270E891D0D0CEAAB4B1979DC212B7C7C','SUCCESS','\n\nResult : ',1,'2013-02-25 22:54:48','2013-02-25 22:54:48'),('CA00762600581A0AC6072503A5EC9696','98D377DF4204DEC671CD0D2D5D3945A5','LogVisite::CREATE','F019505E70CE1D3FF23C4B9489DF516A','SUCCESS','string(235) \"{\"command\":\"notification.send\",\"data\":{\"dest\":\"visiteur:CB2BE52049044B7DE85E94F645B3693A\",\"type\":\"general:notif\",\"options\":{\"title\":\"Pouet\",\"message\":\"Toto\"},\"model\":{\"model_id\":\"F019505E70CE1D3FF23C4B9489DF516A\",\"model\":\"logVisite\"}}}\"\n\n\nResult : ',1,'2013-03-12 12:18:37','2013-03-12 12:18:37'),('CBC137CBD9CAA8F52740AC28D76F9C56','8F22C8B86364E2210610FE4044C52855','Visite::CREATE','45392ECDB3591BB128D82A3200CDF140','SUCCESS','1987-02-20\nHB!\n\nResult : ',0,'2013-02-20 18:46:49','2013-02-20 18:46:49'),('CBD9B891DFBB5862F1FB01A64DD54518','58C929DB6DF5FD5DE9A09EB66BA367BF','LogVisite::CREATE','4F96BCE69090444C57E7EB1FDE0B7C29','SUCCESS','string(276) \"{\"command\":\"notification.send\",\"data\":{\"dest\":\"visiteur:2C35A157621E157EBEC5F407EFB592C9\",\"type\":\"general:notif\",\"options\":{\"title\":\"Pshit !!!! champagne !!!\",\"message\":\"Meilleur score battu OOOH!\"},\"model\":{\"model_id\":\"4F96BCE69090444C57E7EB1FDE0B7C29\",\"model\":\"LogVisite\"}}}\"\nMeilleur score de 6999 sur interactif 002423538C0E0A6E1FFF8A9FE37B0A78\n\nResult : ',1,'2013-03-12 14:35:34','2013-03-12 14:35:34'),('CC19BA9E2B887A05FB0E275D08B42762','8F22C8B86364E2210610FE4044C52855','Visite::CREATE','DE2E3D395CD9BA6555CAB0910A7FE0D8','SUCCESS','1993-03-18\nHB!string(283) \"{\"command\":\"notification.send\",\"data\":{\"dest\":\"visiteur:7A2E6066047DB9022259E1817A081F3D\",\"type\":\"general:notif:anniversaire\",\"options\":{\"title\":\"Pshit !!!! champagne !!!\",\"message\":\"Joyeux Anniversaire !\"},\"model\":{\"model_id\":\"7A2E6066047DB9022259E1817A081F3D\",\"model\":\"visiteur\"}}}\"\n\n\nResult : ',1,'2013-03-18 17:09:37','2013-03-18 17:09:37'),('CC804283C43CD4DD3E1E641616638D95','42B9B8AE0A7C9479812BC3C91546BA32','LogVisite::CREATE','4CF8E2A2CD670FD00DBA2DA2E0D95728','SUCCESS','Testing best score on interactif 002423538C0E0A6E1FFF8A9FE37B0A78 with logVisite guid 4CF8E2A2CD670FD00DBA2DA2E0D95728string(276) \"{\"command\":\"notification.send\",\"data\":{\"dest\":\"visiteur:2C35A157621E157EBEC5F407EFB592C9\",\"type\":\"general:notif\",\"options\":{\"title\":\"Pshit !!!! champagne !!!\",\"message\":\"Meilleur score battu OOOH!\"},\"model\":{\"model_id\":\"4CF8E2A2CD670FD00DBA2DA2E0D95728\",\"model\":\"LogVisite\"}}}\"\nMeilleur score de 6001 sur interactif 002423538C0E0A6E1FFF8A9FE37B0A78\n\nResult : ',1,'2013-03-12 11:59:47','2013-03-12 11:59:47'),('CDCC20988D7E02FD7F60FC52F20879D4','42B9B8AE0A7C9479812BC3C91546BA32','LogVisite::CREATE','4A0274F83EC618082DD7B2DAE0CF9D48','SUCCESS','\n\nResult : ',1,'2013-03-13 17:27:58','2013-03-13 17:27:58'),('CDD8DDF2B99399102176763AE00672DA','1CE9214A9066C8F6D56B8BF32CB01D80','Xp::UPDATE','C66D488A551A13AEE291FE711DB72AEB','SUCCESS','E34B5EF47ADE0CB20F4BF75BD9516A4D\n4000\nstring(263) \"{\"command\":\"notification.send\",\"data\":{\"dest\":\"visiteur:E34B5EF47ADE0CB20F4BF75BD9516A4D\",\"type\":\"general:notif:score\",\"options\":{\"title\":\"Champion !!!\",\"message\":\"Tu as 4000 XP !!!! !\"},\"model\":{\"model_id\":\"E34B5EF47ADE0CB20F4BF75BD9516A4D\",\"model\":\"visiteur\"}}}\"\n\n\nResult : ',1,'2013-03-08 11:23:33','2013-03-08 11:23:33'),('CF98F3BED24775BC753A245FFC7322D3','42B9B8AE0A7C9479812BC3C91546BA32','LogVisite::CREATE','A0D2393516630C4C07E15FC216A23011','SUCCESS','\n\nResult : ',1,'2013-03-12 11:19:01','2013-03-12 11:19:01'),('CFEB8A245C606A7FA703E8A4293266BE','8F22C8B86364E2210610FE4044C52855','Visite::UPDATE','37E3CB4ACEBA051BC05E0679D3B4B07F','SUCCESS','1992-09-25\n\n\nResult : ',1,'2013-02-25 22:43:58','2013-02-25 22:43:58'),('D00C2F4B89DA839CE5079E21C76598BD','8F22C8B86364E2210610FE4044C52855','Visite::UPDATE','E3ED8117FF5D1999FE503B4621F1A66D','SUCCESS','1987-02-20\nHB!string(283) \"{\"command\":\"notification.send\",\"data\":{\"dest\":\"visiteur:F9CC3EFCB1CA130957F77EFBD50B6637\",\"type\":\"general:notif:anniversaire\",\"options\":{\"title\":\"Pshit !!!! champagne !!!\",\"message\":\"Joyeux Anniversaire !\"},\"model\":{\"model_id\":\"F9CC3EFCB1CA130957F77EFBD50B6637\",\"model\":\"visiteur\"}}}\"\n\n\nResult : ',0,'2013-02-20 18:51:52','2013-02-20 18:51:52'),('D0DD197CE12CB08E4A846276083F1BF0','8F22C8B86364E2210610FE4044C52855','Visite::UPDATE','C2A4950EEAC6CAB20388E5E1C2AE5800','SUCCESS','\n\nResult : ',1,'2013-03-13 16:36:17','2013-03-13 16:36:17'),('D19A47E99834522B66F18955912AB828','8F22C8B86364E2210610FE4044C52855','Visite::UPDATE','3E1D981A9402AF37159CDD7CEDFBA4BA','SUCCESS','1993-03-26\n\n\nResult : ',1,'2013-03-26 12:48:17','2013-03-26 12:48:17'),('D1AC66C8CD1A8A9F41907BB016B882B7','1CE9214A9066C8F6D56B8BF32CB01D80','Xp::UPDATE','C66D488A551A13AEE291FE711DB72AEB','SUCCESS','E34B5EF47ADE0CB20F4BF75BD9516A4D\n\nWarning: Lua::eval(): lua error: [string \"line\"]:4: attempt to call global \'getToTalXPByVisiteur\' (a nil value) in /var/www/lib/rulerz/caRulerzTools.class.php on line 43\n\n\nResult : ',1,'2013-03-08 11:17:43','2013-03-08 11:17:43'),('D33150A4F7C4854183D0C8364C8A5EC5','72F8A047022C94AD42E351C5EFD2C149','LogVisite::CREATE','2EFDD7AAC57600E15F64DECD588BC849','SUCCESS','\n\nResult : ',1,'2013-03-14 16:44:31','2013-03-14 16:44:31'),('D403923E38648D7A06DBAAE3C508F853','58C929DB6DF5FD5DE9A09EB66BA367BF','LogVisite::CREATE','0648AC94D195F8E975105DAB1F0F90DA','SUCCESS','string(276) \"{\"command\":\"notification.send\",\"data\":{\"dest\":\"visiteur:2C35A157621E157EBEC5F407EFB592C9\",\"type\":\"general:notif\",\"options\":{\"title\":\"Pshit !!!! champagne !!!\",\"message\":\"Meilleur score battu OOOH!\"},\"model\":{\"model_id\":\"0648AC94D195F8E975105DAB1F0F90DA\",\"model\":\"LogVisite\"}}}\"\nMeilleur score de 6999 sur interactif 002423538C0E0A6E1FFF8A9FE37B0A78\n\nResult : ',1,'2013-03-12 14:18:30','2013-03-12 14:18:30'),('D4E5530717F82E3D9AD077DF018B914A','8F22C8B86364E2210610FE4044C52855','Visite::UPDATE','25F0225F84F84F181B4A52C5F26DD6B1','SUCCESS','1993-03-26\n\n\nResult : ',1,'2013-03-26 12:47:18','2013-03-26 12:47:18'),('D5691DE99F46BDCF1F77A644C201EEB8','8F22C8B86364E2210610FE4044C52855','Visite::UPDATE','4E84E78276674421B5832EA224A54352','SUCCESS','1987-05-20\n\n\nResult : ',1,'2013-02-25 23:42:36','2013-02-25 23:42:36'),('D5868E98FB6B2721E089AE97D9331693','8F22C8B86364E2210610FE4044C52855','Visite::UPDATE','62BEB8E4AB34FF136282ECC6E1480343','SUCCESS','1993-03-12\n\n\nResult : ',1,'2013-03-13 16:57:21','2013-03-13 16:57:21'),('D5BC4712E4CBDC7921D9867C7237FFDB','8F22C8B86364E2210610FE4044C52855','Visite::UPDATE','197AC68678AF5B15BCFFB143F41933F7','SUCCESS','1995-03-07\n\n\nResult : ',1,'2013-03-14 15:11:39','2013-03-14 15:11:39'),('D71494CF814B7C566B2D8877E4B5204E','8F22C8B86364E2210610FE4044C52855','Visite::UPDATE','197AC68678AF5B15BCFFB143F41933F7','SUCCESS','1994-09-07\n\n\nResult : ',1,'2013-03-08 16:14:03','2013-03-08 16:14:03'),('D80F454E4A5955B67EA0BD9FA8A93322','98D377DF4204DEC671CD0D2D5D3945A5','LogVisite::CREATE','65F3F341453A44393D8A515A30A10BE5','SUCCESS','string(235) \"{\"command\":\"notification.send\",\"data\":{\"dest\":\"visiteur:2C35A157621E157EBEC5F407EFB592C9\",\"type\":\"general:notif\",\"options\":{\"title\":\"Pouet\",\"message\":\"Toto\"},\"model\":{\"model_id\":\"65F3F341453A44393D8A515A30A10BE5\",\"model\":\"logVisite\"}}}\"\n\n\nResult : ',1,'2013-03-12 11:52:52','2013-03-12 11:52:52'),('D86A570306B9BC18C9C035F6AFC7EBD8','8F22C8B86364E2210610FE4044C52855','Visite::UPDATE','45392ECDB3591BB128D82A3200CDF140','SUCCESS','1987-02-20\nHB!string(26) \"general:notif:anniversaire\"\nstring(41) \"visiteur:F9CC3EFCB1CA130957F77EFBD50B6637\"\narray(2) {\n  [\"title\"]=>\n  string(24) \"Pshit !!!! champagne !!!\"\n  [\"message\"]=>\n  string(21) \"Joyeux Anniversaire !\"\n}\narray(2) {\n  [\"model_id\"]=>\n  string(32) \"F9CC3EFCB1CA130957F77EFBD50B6637\"\n  [\"model\"]=>\n  string(8) \"visiteur\"\n}\n\n\nResult : ',0,'2013-02-20 18:48:57','2013-02-20 18:48:57'),('D902B76382010032235D4FC20BE180E2','5D5F2106E97B1061A8136B9B602B08C7','LogVisite::CREATE','5F5C0026E712EB6D92AD766B2FA88A3E','SUCCESS','insitu=Array && mobile=Array\n\nResult : ',1,'2013-03-12 14:27:43','2013-03-12 14:27:43'),('D92054FDB8BD2F1D37BCCB183A092D5A','8F22C8B86364E2210610FE4044C52855','Visite::CREATE','956446A531A16C275BBE361C2F286298','SUCCESS','\n\nResult : ',1,'2013-03-01 14:24:35','2013-03-01 14:24:35'),('D93CF17119768456F1B54651BF67EB16','8F22C8B86364E2210610FE4044C52855','Visite::CREATE','3FB2F4C1643F22D1E1628AACAFD1C111','SUCCESS','1993-03-20\nHB!string(283) \"{\"command\":\"notification.send\",\"data\":{\"dest\":\"visiteur:CE423CE7C8AB49343BF31F1EBC43A8BD\",\"type\":\"general:notif:anniversaire\",\"options\":{\"title\":\"Pshit !!!! champagne !!!\",\"message\":\"Joyeux Anniversaire !\"},\"model\":{\"model_id\":\"CE423CE7C8AB49343BF31F1EBC43A8BD\",\"model\":\"visiteur\"}}}\"\n\n\nResult : ',1,'2013-03-20 16:39:30','2013-03-20 16:39:30'),('DA27CA54F820CC0413647C4064D871AB','98D377DF4204DEC671CD0D2D5D3945A5','LogVisite::CREATE','0C0AE6B9DD7D4100B242B8A230B08258','SUCCESS','string(235) \"{\"command\":\"notification.send\",\"data\":{\"dest\":\"visiteur:CB2BE52049044B7DE85E94F645B3693A\",\"type\":\"general:notif\",\"options\":{\"title\":\"Pouet\",\"message\":\"Toto\"},\"model\":{\"model_id\":\"0C0AE6B9DD7D4100B242B8A230B08258\",\"model\":\"logVisite\"}}}\"\n\n\nResult : ',1,'2013-03-12 12:18:52','2013-03-12 12:18:52'),('DB1C1B29C9D5E25491C8B88265B9834D','58C929DB6DF5FD5DE9A09EB66BA367BF','LogVisite::CREATE','03A6AFFB3E405D4E710BF7989C5DFA83','SUCCESS','string(276) \"{\"command\":\"notification.send\",\"data\":{\"dest\":\"visiteur:2C35A157621E157EBEC5F407EFB592C9\",\"type\":\"general:notif\",\"options\":{\"title\":\"Pshit !!!! champagne !!!\",\"message\":\"Meilleur score battu OOOH!\"},\"model\":{\"model_id\":\"03A6AFFB3E405D4E710BF7989C5DFA83\",\"model\":\"LogVisite\"}}}\"\nMeilleur score de 6999 sur interactif 002423538C0E0A6E1FFF8A9FE37B0A78\n\nResult : ',1,'2013-03-12 12:19:43','2013-03-12 12:19:43'),('DB23BD3F7FD005915B08038037D83059','58C929DB6DF5FD5DE9A09EB66BA367BF','LogVisite::CREATE','432E7AF651AF2C547CC70557689A941C','SUCCESS','string(276) \"{\"command\":\"notification.send\",\"data\":{\"dest\":\"visiteur:2C35A157621E157EBEC5F407EFB592C9\",\"type\":\"general:notif\",\"options\":{\"title\":\"Pshit !!!! champagne !!!\",\"message\":\"Meilleur score battu OOOH!\"},\"model\":{\"model_id\":\"432E7AF651AF2C547CC70557689A941C\",\"model\":\"LogVisite\"}}}\"\nMeilleur score de 6999 sur interactif 002423538C0E0A6E1FFF8A9FE37B0A78\n\nResult : ',1,'2013-03-12 14:18:26','2013-03-12 14:18:26'),('DB4E28C20BC00B9A77F034CCF884E66D','58C929DB6DF5FD5DE9A09EB66BA367BF','LogVisite::CREATE','1842253B1CB715F6DDC9EBCCCA754FEA','SUCCESS','Testing best score on interactif 002423538C0E0A6E1FFF8A9FE37B0A78 with logVisite guid 1842253B1CB715F6DDC9EBCCCA754FEAstring(276) \"{\"command\":\"notification.send\",\"data\":{\"dest\":\"visiteur:CB2BE52049044B7DE85E94F645B3693A\",\"type\":\"general:notif\",\"options\":{\"title\":\"Pshit !!!! champagne !!!\",\"message\":\"Meilleur score battu OOOH!\"},\"model\":{\"model_id\":\"1842253B1CB715F6DDC9EBCCCA754FEA\",\"model\":\"LogVisite\"}}}\"\nMeilleur score de 6000 sur interactif 002423538C0E0A6E1FFF8A9FE37B0A78\n\nResult : ',1,'2013-03-12 12:10:15','2013-03-12 12:10:15'),('DB6CF3111F994D17213431F3E5401C81','8F22C8B86364E2210610FE4044C52855','Visite::CREATE','BE5A2803E21422E575B1F19FA7B78432','SUCCESS','\n\nResult : ',1,'2013-03-01 14:24:24','2013-03-01 14:24:24'),('DBADA92F3F40A1773D49A175D6C428D3','98D377DF4204DEC671CD0D2D5D3945A5','LogVisite::CREATE','5F5C0026E712EB6D92AD766B2FA88A3E','SUCCESS','string(235) \"{\"command\":\"notification.send\",\"data\":{\"dest\":\"visiteur:2C35A157621E157EBEC5F407EFB592C9\",\"type\":\"general:notif\",\"options\":{\"title\":\"Pouet\",\"message\":\"Toto\"},\"model\":{\"model_id\":\"5F5C0026E712EB6D92AD766B2FA88A3E\",\"model\":\"logVisite\"}}}\"\n\n\nResult : ',1,'2013-03-12 14:27:43','2013-03-12 14:27:43'),('DC54B53C74C5AEBA1E9BD91092B955BF','8F22C8B86364E2210610FE4044C52855','Visite::CREATE','6CAF088E3E46DD6D6A3AEFEC97BC1C96','SUCCESS','\n\nResult : ',1,'2013-03-11 10:15:14','2013-03-11 10:15:14'),('DD515C33951DA9C63E70A9FBFDE5AFCD','8F22C8B86364E2210610FE4044C52855','Visite::UPDATE','6D323D5F638D74CDAB53F1EE4B976ED4','SUCCESS','1987-02-16\n\n\nResult : ',1,'2013-03-14 09:43:45','2013-03-14 09:43:45'),('DE0EBA55C754C2FEF276CC7221E16D76','8F22C8B86364E2210610FE4044C52855','Visite::CREATE','73ECDC42F2E5C6CA40D81FF56B440548','SUCCESS','\n\nResult : ',1,'2013-03-26 11:38:18','2013-03-26 11:38:18'),('DFB3A85E325886D04587CDFB39E99C05','58C929DB6DF5FD5DE9A09EB66BA367BF','LogVisite::CREATE','0320D0CF70D82FFC1AE7AE9B2C0C101B','SUCCESS','string(276) \"{\"command\":\"notification.send\",\"data\":{\"dest\":\"visiteur:2C35A157621E157EBEC5F407EFB592C9\",\"type\":\"general:notif\",\"options\":{\"title\":\"Pshit !!!! champagne !!!\",\"message\":\"Meilleur score battu OOOH!\"},\"model\":{\"model_id\":\"0320D0CF70D82FFC1AE7AE9B2C0C101B\",\"model\":\"LogVisite\"}}}\"\nMeilleur score de 6999 sur interactif 002423538C0E0A6E1FFF8A9FE37B0A78\n\nResult : ',1,'2013-03-12 14:35:12','2013-03-12 14:35:12'),('E01BE368C6ADA80B281B2D10044F1968','58C929DB6DF5FD5DE9A09EB66BA367BF','LogVisite::CREATE','2EFDD7AAC57600E15F64DECD588BC849','SUCCESS','string(276) \"{\"command\":\"notification.send\",\"data\":{\"dest\":\"visiteur:DE075FD99BD5F75B86D400478F49E2B4\",\"type\":\"general:notif\",\"options\":{\"title\":\"Pshit !!!! champagne !!!\",\"message\":\"Meilleur score battu OOOH!\"},\"model\":{\"model_id\":\"2EFDD7AAC57600E15F64DECD588BC849\",\"model\":\"LogVisite\"}}}\"\nMeilleur score de 10000 sur interactif 002423538C0E0A6E1FFF8A9FE37B0A78\n\nResult : ',1,'2013-03-14 16:44:31','2013-03-14 16:44:31'),('E0BFD136339AF4BA544A43A0864C5FCA','8F22C8B86364E2210610FE4044C52855','Visite::UPDATE','BDB3F4C20593CE2779B83379CB671746','SUCCESS','2005-04-14\n\n\nResult : ',1,'2013-03-14 10:19:32','2013-03-14 10:19:32'),('E0FE81CC0054C28F2A03A12DF3D2D6B2','58C929DB6DF5FD5DE9A09EB66BA367BF','LogVisite::CREATE','0F0554D03AB772EA815D4815048C7904','SUCCESS','Testing best score on interactif 002423538C0E0A6E1FFF8A9FE37B0A78 with logVisite guid 0F0554D03AB772EA815D4815048C7904\n\nResult : ',1,'2013-03-12 11:33:20','2013-03-12 11:33:20'),('E1A85063E7C15D82A8ECEE65FC2E0715','98D377DF4204DEC671CD0D2D5D3945A5','LogVisite::CREATE','A0D2393516630C4C07E15FC216A23011','SUCCESS','string(235) \"{\"command\":\"notification.send\",\"data\":{\"dest\":\"visiteur:2C35A157621E157EBEC5F407EFB592C9\",\"type\":\"general:notif\",\"options\":{\"title\":\"Pouet\",\"message\":\"Toto\"},\"model\":{\"model_id\":\"A0D2393516630C4C07E15FC216A23011\",\"model\":\"logVisite\"}}}\"\n\n\nResult : ',1,'2013-03-12 11:19:01','2013-03-12 11:19:01'),('E23C88D2DF78AB0AB48C444A89FB0D52','8F22C8B86364E2210610FE4044C52855','Visite::UPDATE','29D88A9FBE9F875C33108091C213283A','SUCCESS','\n\nResult : ',1,'2013-03-13 14:34:48','2013-03-13 14:34:48'),('E24DC2D4A982781B298C1AB68E7991FD','8F22C8B86364E2210610FE4044C52855','Visite::UPDATE','8F130E9B8C1E0113403A538E8A46C07C','SUCCESS','\n\nResult : ',1,'2013-03-13 18:07:32','2013-03-13 18:07:32'),('E2AA2BA80592DD72B96EA96289D02331','42B9B8AE0A7C9479812BC3C91546BA32','LogVisite::CREATE','3F73CCAC5321F25E29CE3852DE8CB6F1','SUCCESS','Testing best score on interactif 002423538C0E0A6E1FFF8A9FE37B0A78 with logVisite guid 3F73CCAC5321F25E29CE3852DE8CB6F1\n\nResult : ',1,'2013-03-12 11:52:04','2013-03-12 11:52:04'),('E35CD2034C0D0DA872681038CD04A4D5','5D5F2106E97B1061A8136B9B602B08C7','LogVisite::CREATE','5EB24BC2563429AC881D95338B0688C3','SUCCESS','\n\nResult : ',1,'2013-03-13 17:24:26','2013-03-13 17:24:26'),('E39B05A50492FD85FCFEAB3A11C0D277','8F22C8B86364E2210610FE4044C52855','Visite::CREATE','9D4A4353CAC56BB77F909456BBAEA9BF','SUCCESS','\n\nResult : ',1,'2013-03-05 12:51:34','2013-03-05 12:51:34'),('E4AA5C659E10E40F07AC6309449FC9AE','58C929DB6DF5FD5DE9A09EB66BA367BF','LogVisite::CREATE','C35384083112D44F8E103E10C1D87B3A','SUCCESS','Testing best score on interactif 002423538C0E0A6E1FFF8A9FE37B0A78 with logVisite guid C35384083112D44F8E103E10C1D87B3A\n\nResult : ',1,'2013-03-12 11:55:55','2013-03-12 11:55:55'),('E4BEC2F445D0FF3A13CF92F5DADCB188','8F22C8B86364E2210610FE4044C52855','Visite::CREATE','BB16C922F1854F40ECFC81B01B8ECD81','SUCCESS','1993-03-28\n\n\nResult : ',1,'2013-03-26 09:40:58','2013-03-26 09:40:58'),('E4FB7E5CC715E2D65AD44EC3D0C1AB4A','98D377DF4204DEC671CD0D2D5D3945A5','LogVisite::CREATE','37B41391D6021B0974E6A873AD379BE0','SUCCESS','string(235) \"{\"command\":\"notification.send\",\"data\":{\"dest\":\"visiteur:DE075FD99BD5F75B86D400478F49E2B4\",\"type\":\"general:notif\",\"options\":{\"title\":\"Pouet\",\"message\":\"Toto\"},\"model\":{\"model_id\":\"37B41391D6021B0974E6A873AD379BE0\",\"model\":\"logVisite\"}}}\"\n\n\nResult : ',1,'2013-03-13 17:28:43','2013-03-13 17:28:43'),('E57CA3C0BFDD422C6BA3E80EA6C0B65D','98D377DF4204DEC671CD0D2D5D3945A5','LogVisite::CREATE','D442174AADD2232F41F510D07CAE68C3','SUCCESS','string(235) \"{\"command\":\"notification.send\",\"data\":{\"dest\":\"visiteur:2C35A157621E157EBEC5F407EFB592C9\",\"type\":\"general:notif\",\"options\":{\"title\":\"Pouet\",\"message\":\"Toto\"},\"model\":{\"model_id\":\"D442174AADD2232F41F510D07CAE68C3\",\"model\":\"logVisite\"}}}\"\n\n\nResult : ',1,'2013-03-12 11:18:20','2013-03-12 11:18:20'),('E71CDB5A69E1944CF257C25D281DF5D5','5D5F2106E97B1061A8136B9B602B08C7','LogVisite::CREATE','0648AC94D195F8E975105DAB1F0F90DA','SUCCESS','\n\nResult : ',1,'2013-03-12 14:18:31','2013-03-12 14:18:31'),('E75EB43B95F0B871E85573794641C33B','42B9B8AE0A7C9479812BC3C91546BA32','LogVisite::CREATE','477E5AF85C11630002B878A694302543','SUCCESS','string(276) \"{\"command\":\"notification.send\",\"data\":{\"dest\":\"visiteur:2C35A157621E157EBEC5F407EFB592C9\",\"type\":\"general:notif\",\"options\":{\"title\":\"Pshit !!!! champagne !!!\",\"message\":\"Meilleur score battu OOOH!\"},\"model\":{\"model_id\":\"477E5AF85C11630002B878A694302543\",\"model\":\"LogVisite\"}}}\"\nMeilleur score de 9007 sur interactif 002423538C0E0A6E1FFF8A9FE37B0A78\n\nResult : ',1,'2013-03-13 09:20:15','2013-03-13 09:20:15'),('E8F4FF6A392A68DF28BF56F566E24F57','8F22C8B86364E2210610FE4044C52855','Visite::UPDATE','0074588BBD7C86FE3BA43D47D8FF66BC','SUCCESS','\n\nResult : ',1,'2013-03-21 12:20:00','2013-03-21 12:20:00'),('E9A4E28E59A5287E3EB47589291A2109','8F22C8B86364E2210610FE4044C52855','Visite::UPDATE','54ADB99F5B183FAE087BDE040B37613A','SUCCESS','\n\nResult : ',1,'2013-03-21 12:18:29','2013-03-21 12:18:29'),('EA96423101DA2285FD8D6CAA0F5E1011','72F8A047022C94AD42E351C5EFD2C149','LogVisite::CREATE','37B41391D6021B0974E6A873AD379BE0','SUCCESS','1\n\nResult : ',1,'2013-03-13 17:28:43','2013-03-13 17:28:43'),('EAA6CDA964F01739A41ECD8DCD08566C','98D377DF4204DEC671CD0D2D5D3945A5','LogVisite::CREATE','416092871D100AF3481546ED76AF5243','SUCCESS','string(235) \"{\"command\":\"notification.send\",\"data\":{\"dest\":\"visiteur:DE075FD99BD5F75B86D400478F49E2B4\",\"type\":\"general:notif\",\"options\":{\"title\":\"Pouet\",\"message\":\"Toto\"},\"model\":{\"model_id\":\"416092871D100AF3481546ED76AF5243\",\"model\":\"logVisite\"}}}\"\n\n\nResult : ',1,'2013-03-13 17:25:18','2013-03-13 17:25:18'),('EACF24DD9E77D0F6DCE0995C5B486976','8F22C8B86364E2210610FE4044C52855','Visite::UPDATE','EE26E193ABAED19C6255B1B6581AABFB','SUCCESS','\n\nResult : ',1,'2013-03-26 12:46:02','2013-03-26 12:46:02'),('EB3E04786A4E79A6581243378B127E22','98D377DF4204DEC671CD0D2D5D3945A5','LogVisite::CREATE','DE23118581EBBBB8333F1A813A3907F6','SUCCESS','string(235) \"{\"command\":\"notification.send\",\"data\":{\"dest\":\"visiteur:2C35A157621E157EBEC5F407EFB592C9\",\"type\":\"general:notif\",\"options\":{\"title\":\"Pouet\",\"message\":\"Toto\"},\"model\":{\"model_id\":\"DE23118581EBBBB8333F1A813A3907F6\",\"model\":\"logVisite\"}}}\"\n\n\nResult : ',1,'2013-03-12 11:53:13','2013-03-12 11:53:13'),('ED057A373A15F1012F779854B1F0B131','58C929DB6DF5FD5DE9A09EB66BA367BF','LogVisite::CREATE','4199AAD8BBB9613FD681BDDBC60202D7','SUCCESS','string(276) \"{\"command\":\"notification.send\",\"data\":{\"dest\":\"visiteur:DE075FD99BD5F75B86D400478F49E2B4\",\"type\":\"general:notif\",\"options\":{\"title\":\"Pshit !!!! champagne !!!\",\"message\":\"Meilleur score battu OOOH!\"},\"model\":{\"model_id\":\"4199AAD8BBB9613FD681BDDBC60202D7\",\"model\":\"LogVisite\"}}}\"\nMeilleur score de 1000 sur interactif 002423538C0E0A6E1FFF8A9FE37B0A78\n\nResult : ',1,'2013-03-13 17:31:12','2013-03-13 17:31:12'),('ED34D40BDE5F49F6F1FC7F94C8351422','8F22C8B86364E2210610FE4044C52855','Visite::UPDATE','BB16C922F1854F40ECFC81B01B8ECD81','SUCCESS','1993-03-28\n\n\nResult : ',1,'2013-03-26 09:52:40','2013-03-26 09:52:40'),('EDEB32574B2B4672786F1DAA7EB6E89E','8F22C8B86364E2210610FE4044C52855','Visite::UPDATE','F3577D8DA55605F35DEAF0217240FF5D','SUCCESS','\n\nResult : ',1,'2013-03-11 09:47:54','2013-03-11 09:47:54'),('EF012CF59C4776B41458ABF460E61C3A','8F22C8B86364E2210610FE4044C52855','Visite::UPDATE','97E3218981EA4FE99F9837C01DB29F59','SUCCESS','2015-03-15\n\n\nResult : ',1,'2013-03-18 15:22:46','2013-03-18 15:22:46'),('EF2C32DB359878069D299F5EEDFC47E2','8F22C8B86364E2210610FE4044C52855','Visite::CREATE','058E6D788B7FD17F911432A430717636','SUCCESS','1984-06-19\n\n\nResult : ',1,'2013-03-26 10:12:25','2013-03-26 10:12:25'),('EFAA2E6EE92D9095EB3D8F7AF2F4FC2E','8F22C8B86364E2210610FE4044C52855','Visite::CREATE','FE04ED8D1D70CC828025B60451CADA8E','SUCCESS','\n\nResult : ',0,'2013-02-22 11:40:49','2013-02-22 11:40:49'),('F249657409C4AFDC9C37219633770597','58C929DB6DF5FD5DE9A09EB66BA367BF','LogVisite::CREATE','909D72633F4B92AF034567619C8544F2','SUCCESS','Testing best score on interactif 002423538C0E0A6E1FFF8A9FE37B0A78 with logVisite guid 909D72633F4B92AF034567619C8544F2\n\nResult : ',1,'2013-03-12 11:55:49','2013-03-12 11:55:49'),('F34DFB3863A5A77C9DB2778DD57E7142','5D5F2106E97B1061A8136B9B602B08C7','LogVisite::CREATE','477E5AF85C11630002B878A694302543','SUCCESS','\n\nResult : ',1,'2013-03-13 09:20:15','2013-03-13 09:20:15'),('F38A531B603D29482D56566AF9B18F6E','8F22C8B86364E2210610FE4044C52855','Visite::CREATE','85B923C53630D74A2FCC1BAAF156F7F0','SUCCESS','\n\nResult : ',1,'2013-03-08 10:48:59','2013-03-08 10:48:59'),('F3AFBF1E63AEF3F2C677EC926B159936','8F22C8B86364E2210610FE4044C52855','Visite::CREATE','AEF6F10F739B5AD7C644FD11D4CF6F1C','SUCCESS','\n\nResult : ',0,'2013-02-25 14:16:32','2013-02-25 14:16:32'),('F43799674BE50D2080E16609DDA7E3E9','42B9B8AE0A7C9479812BC3C91546BA32','LogVisite::CREATE','F61AD1620E30B37C141FC6E90BE7000D','SUCCESS','Testing best score on interactif 002423538C0E0A6E1FFF8A9FE37B0A78 with logVisite guid F61AD1620E30B37C141FC6E90BE7000D\n\nResult : ',1,'2013-03-12 12:00:17','2013-03-12 12:00:17'),('F505D2D53FD3297F597AB3BB38FCD820','98D377DF4204DEC671CD0D2D5D3945A5','LogVisite::CREATE','66EC280F5A4AB3147CEC65D3F90E6ED4','SUCCESS','string(235) \"{\"command\":\"notification.send\",\"data\":{\"dest\":\"visiteur:2C35A157621E157EBEC5F407EFB592C9\",\"type\":\"general:notif\",\"options\":{\"title\":\"Pouet\",\"message\":\"Toto\"},\"model\":{\"model_id\":\"66EC280F5A4AB3147CEC65D3F90E6ED4\",\"model\":\"logVisite\"}}}\"\n\n\nResult : ',1,'2013-03-12 13:08:20','2013-03-12 13:08:20'),('F50CD48766CC1E840D4759F6C2CFD528','5D5F2106E97B1061A8136B9B602B08C7','LogVisite::CREATE','1C80BFB700A2781115B1E99EACA00456','SUCCESS','\n\nResult : ',1,'2013-03-13 09:14:03','2013-03-13 09:14:03'),('F5F00C54FE44460E54C3F7C0DAF317CC','8F22C8B86364E2210610FE4044C52855','Visite::UPDATE','24813D4BE418D8CEEC42C6751D2B9EB9','SUCCESS','\n\nResult : ',1,'2013-03-20 16:04:01','2013-03-20 16:04:01'),('F6E44F97FE2E6C88EBE6E6E2035AF151','8F22C8B86364E2210610FE4044C52855','Visite::UPDATE','D28D91957F63CC22D9D39BA98BB9A7D6','SUCCESS','\n\nResult : ',1,'2013-03-11 09:43:51','2013-03-11 09:43:51'),('F849A4436180786D90150D69504B2A85','8F22C8B86364E2210610FE4044C52855','Visite::CREATE','2C2BA1A33E14D06D0315B8961C6357DC','SUCCESS','\n\nResult : ',1,'2013-03-13 17:30:05','2013-03-13 17:30:05'),('F89FB3107E4EA5AC800A19FC7253B32D','8F22C8B86364E2210610FE4044C52855','Visite::UPDATE','C934F3A168147AB447928D9634A77B11','SUCCESS','1993-03-26\nHB!string(283) \"{\"command\":\"notification.send\",\"data\":{\"dest\":\"visiteur:0B0D7F2CDCF09DC0F022EAD8B3B09A95\",\"type\":\"general:notif:anniversaire\",\"options\":{\"title\":\"Pshit !!!! champagne !!!\",\"message\":\"Joyeux Anniversaire !\"},\"model\":{\"model_id\":\"0B0D7F2CDCF09DC0F022EAD8B3B09A95\",\"model\":\"visiteur\"}}}\"\n\n\nResult : ',1,'2013-03-26 12:38:14','2013-03-26 12:38:14'),('F917F189826E56240AFAB175D6DA5365','8F22C8B86364E2210610FE4044C52855','Visite::UPDATE','19F4DAFB6E801DEDF3C43DC8AB12ABC9','SUCCESS','1984-11-28\n\n\nResult : ',1,'2013-03-14 09:53:04','2013-03-14 09:53:04'),('F9FA370C5021A7BE8DAA28D6A72A31C1','8F22C8B86364E2210610FE4044C52855','Visite::CREATE','5177BECB8B85C831C1EEA9494898D2FF','SUCCESS','\n\nResult : ',1,'2013-03-14 10:42:10','2013-03-14 10:42:10'),('FAAD54E655FD6512B80A7832B5C16D39','72F8A047022C94AD42E351C5EFD2C149','LogVisite::CREATE','5EB24BC2563429AC881D95338B0688C3','SUCCESS','\n\nResult : ',1,'2013-03-13 17:24:26','2013-03-13 17:24:26'),('FAF7FF0FDFB6FA90679D84D395A20EFB','8F22C8B86364E2210610FE4044C52855','Visite::CREATE','3E1D981A9402AF37159CDD7CEDFBA4BA','SUCCESS','1993-03-26\n\n\nResult : ',1,'2013-03-26 12:48:04','2013-03-26 12:48:04'),('FBBD6D9ACE9059595EE38C46FE35B6E6','8F22C8B86364E2210610FE4044C52855','Visite::UPDATE','CF279FD49CDAA0A76D27114E919F9596','SUCCESS','1995-06-12\n\n\nResult : ',1,'2013-03-14 10:48:43','2013-03-14 10:48:43'),('FC6BE8DD87137F7A92BBC92C77D87A01','42B9B8AE0A7C9479812BC3C91546BA32','LogVisite::CREATE','5A1B12541E4724F8EE3C329E825F57FD','SUCCESS','\n\nResult : ',1,'2013-03-12 14:35:26','2013-03-12 14:35:26'),('FC9EDD4D37EC73831B322BC8A3D37380','58C929DB6DF5FD5DE9A09EB66BA367BF','LogVisite::CREATE','F61AD1620E30B37C141FC6E90BE7000D','SUCCESS','Testing best score on interactif 002423538C0E0A6E1FFF8A9FE37B0A78 with logVisite guid F61AD1620E30B37C141FC6E90BE7000D\n\nResult : ',1,'2013-03-12 12:00:17','2013-03-12 12:00:17'),('FD0C757CB115D964C4D4336CF2E69B98','8F22C8B86364E2210610FE4044C52855','Visite::UPDATE','EA855A3FD8992CCB6F979640DCB84E1E','SUCCESS','\n\nResult : ',1,'2013-03-20 16:07:58','2013-03-20 16:07:58'),('FD171FDD6A8B6422E1B96D81A8B758F4','98D377DF4204DEC671CD0D2D5D3945A5','LogVisite::CREATE','EEFE91CD64631553E75B8D4ED4C68DF5','SUCCESS','string(235) \"{\"command\":\"notification.send\",\"data\":{\"dest\":\"visiteur:DE075FD99BD5F75B86D400478F49E2B4\",\"type\":\"general:notif\",\"options\":{\"title\":\"Pouet\",\"message\":\"Toto\"},\"model\":{\"model_id\":\"EEFE91CD64631553E75B8D4ED4C68DF5\",\"model\":\"logVisite\"}}}\"\n\n\nResult : ',1,'2013-03-13 17:30:00','2013-03-13 17:30:00'),('FD357779A62F725490E7BD0021771848','8F22C8B86364E2210610FE4044C52855','Visite::UPDATE','5177BECB8B85C831C1EEA9494898D2FF','SUCCESS','\n\nResult : ',1,'2013-03-14 10:56:49','2013-03-14 10:56:49'),('FE6E48397184B6F6E9EF2611AF1DF5EE','8F22C8B86364E2210610FE4044C52855','Visite::UPDATE','19F4DAFB6E801DEDF3C43DC8AB12ABC9','SUCCESS','1984-11-28\n\n\nResult : ',1,'2013-03-13 18:05:12','2013-03-13 18:05:12'),('FF0B8A7B21669463E32E5B81E0A7C95D','98D377DF4204DEC671CD0D2D5D3945A5','LogVisite::CREATE','5A1B12541E4724F8EE3C329E825F57FD','SUCCESS','string(235) \"{\"command\":\"notification.send\",\"data\":{\"dest\":\"visiteur:2C35A157621E157EBEC5F407EFB592C9\",\"type\":\"general:notif\",\"options\":{\"title\":\"Pouet\",\"message\":\"Toto\"},\"model\":{\"model_id\":\"5A1B12541E4724F8EE3C329E825F57FD\",\"model\":\"logVisite\"}}}\"\n\n\nResult : ',1,'2013-03-12 14:35:26','2013-03-12 14:35:26'),('FF327A3804AEE8C6E4C2B6A21CD0F81E','8F22C8B86364E2210610FE4044C52855','Visite::UPDATE','04E75D8F8B89F371CC184AAB32BE7419','SUCCESS','1984-06-19\n\n\nResult : ',1,'2013-03-26 09:34:38','2013-03-26 09:34:38'),('FF54FE1081224E1F3135DBEFB1F10437','42B9B8AE0A7C9479812BC3C91546BA32','LogVisite::CREATE','F019505E70CE1D3FF23C4B9489DF516A','SUCCESS','string(276) \"{\"command\":\"notification.send\",\"data\":{\"dest\":\"visiteur:CB2BE52049044B7DE85E94F645B3693A\",\"type\":\"general:notif\",\"options\":{\"title\":\"Pshit !!!! champagne !!!\",\"message\":\"Meilleur score battu OOOH!\"},\"model\":{\"model_id\":\"F019505E70CE1D3FF23C4B9489DF516A\",\"model\":\"LogVisite\"}}}\"\nMeilleur score de 7000 sur interactif 002423538C0E0A6E1FFF8A9FE37B0A78\n\nResult : ',1,'2013-03-12 12:18:37','2013-03-12 12:18:37'),('FF9E796F51B1F2683AE132FB1DC8948B','8F22C8B86364E2210610FE4044C52855','Visite::CREATE','24813D4BE418D8CEEC42C6751D2B9EB9','SUCCESS','\n\nResult : ',1,'2013-03-20 15:54:11','2013-03-20 15:54:11');
/*!40000 ALTER TABLE `rulerz_execution` ENABLE KEYS */;

/*!40103 SET TIME_ZONE=@OLD_TIME_ZONE */;

/*!40101 SET SQL_MODE=@OLD_SQL_MODE */;
/*!40014 SET FOREIGN_KEY_CHECKS=@OLD_FOREIGN_KEY_CHECKS */;
/*!40014 SET UNIQUE_CHECKS=@OLD_UNIQUE_CHECKS */;
/*!40101 SET CHARACTER_SET_CLIENT=@OLD_CHARACTER_SET_CLIENT */;
/*!40101 SET CHARACTER_SET_RESULTS=@OLD_CHARACTER_SET_RESULTS */;
/*!40101 SET COLLATION_CONNECTION=@OLD_COLLATION_CONNECTION */;
/*!40111 SET SQL_NOTES=@OLD_SQL_NOTES */;

-- Dump completed on 2013-03-26 13:46:43
